Category,Gene ID,Gene Name,Description,FDR,DLYL15,DLYL45,DLYL75,DLYL105,TFBL15,TFBL45,TFBL75,TFBL105,DLY peak,TFB peak,DLY75 rank in DLY,TFB45 rank in TFB,log2(DLY75/non75),log2(TFB45/non45),log2(DLY75/DLY45),log2(TFB45/TFB15),log2(DLY105/DLY75),log2(TFB105/TFB45),Pattern,FDR<0.05,z_DLYL15,z_DLYL45,z_DLYL75,z_DLYL105,z_TFBL15,z_TFBL45,z_TFBL75,z_TFBL105
上游合成：LA→AA,ENSSSCG00000001045,ELOVL2,ELOVL fatty acid elongase 2 [Source:VGNC Symbol;Acc:VGNC:87658],2.0799872395169e-07,8.433333,2.92,1.568333,0.075,4.436667,1.026667,0.443333,0.896667,DLY15,TFB15,3,2,-0.905,-0.5296,-0.61,-1.4236,-1.2565,-0.0956,高PD窗口不一致/不突出,Yes,1.8379,0.5365,-0.0901,-1.3808,1.0212,-0.4411,-0.9442,-0.5394
上游合成：LA→AA,ENSSSCG00000024149,ELOVL5,ELOVL fatty acid elongase 5 [Source:VGNC Symbol;Acc:VGNC:87661],2.1653482360814e-05,151.933333,99.246667,93.506667,13.368333,105.111667,104.02,89.423333,113.088333,DLY15,TFB105,3,3,0.0837,0.0205,-0.0851,-0.0149,-2.7175,0.1195,高PD窗口不一致/不突出,Yes,0.8844,0.2655,0.1791,-2.5811,0.3488,0.3337,0.1144,0.4551
上游合成：LA→AA,ENSSSCG00000036236,ELOVL6,ELOVL fatty acid elongase 6 [Source:VGNC Symbol;Acc:VGNC:87662],7.194950382984e-05,79.156667,41.586667,44.415,5.675,31.266667,23.986667,25.863333,31.238333,DLY15,TFB15,2,4,0.0742,-0.2856,0.0928,-0.3689,-2.7663,0.3676,DLY75偏高，TFB45不突出,Yes,1.4523,0.5061,0.6023,-2.2665,0.0909,-0.2916,-0.1833,0.0896
上游合成：LA→AA,ENSSSCG00000024015,FADS1,fatty acid desaturase 1 [Source:NCBI gene (formerly Entrezgene);Acc:444995],0.064752118147845,71.66,127.355,102.741667,10.756667,39.201667,98.088333,121.195,94.803333,DLY45,TFB75,2,2,0.5487,0.2033,-0.3071,1.3015,-3.1414,-0.0486,TFB45与DLY75共同偏高,No,0.0633,0.8184,0.5359,-2.3537,-0.7221,0.475,0.7531,0.4302
上游合成：LA→AA,ENSSSCG00000013072,FADS2,fatty acid desaturase 2 [Source:NCBI gene (formerly Entrezgene);Acc:444997],0.010169228806383,103.8,132.105,151.023333,16.661667,81.031667,90.686667,109.056667,147.313333,DLY75,TFB105,1,3,0.8356,-0.3075,0.1917,0.1605,-3.1056,0.6939,DLY75偏高，TFB45不突出,Yes,0.2208,0.5875,0.7913,-2.5101,-0.1548,0.0158,0.2959,0.7534
上游合成：LA→AA,ENSSSCG00000017226,FADS6,fatty acid desaturase 6 [Source:VGNC Symbol;Acc:VGNC:87878],0.00048636983175199,30.241667,55.25,52.751667,19.14,33.168333,43.78,36.451667,40.145,DLY45,TFB45,2,1,0.5832,0.2526,-0.0655,0.3902,-1.4162,-0.1221,TFB45与DLY75共同偏高,Yes,-0.6479,1.2597,1.1124,-2.0722,-0.3574,0.52,-0.0598,0.2453
AA活化/膜重酰化：Lands cycle,ENSSSCG00000015784,ACSL1,acyl-CoA synthetase long chain family member 1 [Source:VGNC Symbol;Acc:VGNC:96294],0.00065424215021378,490.68,428.235,435.05,103.778333,333.103333,389.388333,408.686667,511.761667,DLY15,TFB105,2,3,0.3509,-0.1015,0.0227,0.2246,-2.0572,0.3934,DLY75偏高，TFB45不突出,Yes,0.6668,0.3837,0.4165,-2.5554,-0.1385,0.186,0.2866,0.7543
AA活化/膜重酰化：Lands cycle,ENSSSCG00000016223,ACSL3,acyl-CoA synthetase long chain family member 3 [Source:VGNC Symbol;Acc:VGNC:96295],0.00080560192609873,52.318333,38.503333,25.65,3.963333,42.305,31.666667,34.198333,70.893333,DLY15,TFB105,3,4,-0.2905,-0.6179,-0.5678,-0.4067,-2.4248,1.138,高PD窗口不一致/不突出,Yes,0.6919,0.2949,-0.226,-2.4505,0.4166,0.0434,0.1422,1.0875
AA活化/膜重酰化：Lands cycle,ENSSSCG00000012583,ACSL4,acyl-CoA synthetase long chain family member 4 [Source:VGNC Symbol;Acc:VGNC:85033],0.022185516681132,36.213333,26.448333,47.041667,12.558333,22.456667,21.61,32.626667,34.003333,DLY75,TFB105,1,4,0.8817,-0.4411,0.8076,-0.053,-1.8251,0.6305,DLY75偏高，TFB45不突出,Yes,0.7497,-0.0873,1.452,-2.0267,-0.5194,-0.6205,0.471,0.5813
AA活化/膜重酰化：Lands cycle,ENSSSCG00000031789,ACSL5,acyl-CoA synthetase long chain family member 5 [Source:VGNC Symbol;Acc:VGNC:85034],1.698276808343e-06,135.41,76.296667,81.185,8.458333,82.461667,60.846667,61.235,80.663333,DLY15,TFB15,2,4,0.1438,-0.2932,0.0885,-0.4324,-3.1192,0.401,DLY75偏高，TFB45不突出,Yes,1.0599,0.2983,0.3805,-2.5186,0.4012,-0.0008,0.0076,0.3719
AA活化/膜重酰化：Lands cycle,ENSSSCG00000038081,AGPAT3,1-acylglycerol-3-phosphate O-acyltransferase 3 [Source:VGNC Symbol;Acc:VGNC:85185],2.4458997400105e-06,24.24,17.138333,11.84,2.455,22.021667,21.583333,20.02,20.363333,DLY15,TFB15,3,2,-0.2819,0.0508,-0.4984,-0.0277,-1.8939,-0.0801,TFB45偏高，DLY75不突出,Yes,0.7207,0.1838,-0.3777,-2.511,0.5712,0.5399,0.4234,0.4497
AA活化/膜重酰化：Lands cycle,ENSSSCG00000025901,LCLAT1,lysocardiolipin acyltransferase 1 [Source:NCBI gene (formerly Entrezgene);Acc:100217396],4.7198422515967e-05,7.596667,5.96,5.978333,0.7,6.188333,4.351667,5.213333,6.403333,DLY15,TFB105,2,4,0.2788,-0.3739,0.0038,-0.4257,-2.0373,0.4682,DLY75偏高，TFB45不突出,Yes,0.8244,0.3847,0.3902,-2.5503,0.4519,-0.1625,0.1484,0.5133
AA活化/膜重酰化：Lands cycle,ENSSSCG00000017116,LPCAT1,lysophosphatidylcholine acyltransferase 1 [Source:VGNC Symbol;Acc:VGNC:89788],5.3425664565365e-07,2.853333,1.585,1.616667,0.723333,2.126667,0.746667,1.298333,1.79,DLY15,TFB15,2,4,-0.0562,-0.6487,0.0176,-0.84,-0.6025,0.6757,高PD窗口不一致/不突出,Yes,1.6718,0.1155,0.163,-1.4651,0.8572,-1.4127,-0.3427,0.413
AA活化/膜重酰化：Lands cycle,ENSSSCG00000002828,LPCAT2,lysophosphatidylcholine acyltransferase 2 [Source:VGNC Symbol;Acc:VGNC:89789],3.6533163405475e-08,6.908333,1.833333,2.206667,0.241667,3.581667,0.783333,1.675,2.2,DLY15,TFB15,2,4,-0.3169,-0.9668,0.1786,-1.3613,-1.3688,0.8435,高PD窗口不一致/不突出,Yes,1.8636,-0.0972,0.1392,-1.6732,0.8209,-0.9816,-0.2071,0.1353
AA活化/膜重酰化：Lands cycle,ENSSSCG00000027205,LPCAT3,lysophosphatidylcholine acyltransferase 3 [Source:VGNC Symbol;Acc:VGNC:89790],4.295065020773e-07,40.458333,21.816667,22.171667,3.091667,24.188333,22.44,22.051667,17.525,DLY15,TFB15,2,2,0.024,0.0748,0.0223,-0.1038,-2.5016,-0.3395,TFB45与DLY75共同偏高,Yes,1.1788,0.2332,0.2576,-2.488,0.3898,0.2759,0.2494,-0.0967
AA活化/膜重酰化：Lands cycle,ENSSSCG00000002235,LPCAT4,lysophosphatidylcholine acyltransferase 4 [Source:VGNC Symbol;Acc:VGNC:89791],8.1958721030816e-06,7.658333,7.505,8.725,3.245,7.2,6.44,6.436667,8.96,DLY75,TFB105,1,3,0.4466,-0.1976,0.1934,-0.1403,-1.1959,0.4208,DLY75偏高，TFB45不突出,Yes,0.4146,0.3435,0.8775,-2.4253,0.1979,-0.1896,-0.1914,0.9727
AA活化/膜重酰化：Lands cycle,ENSSSCG00000001078,MBOAT1,membrane bound O-acyltransferase domain containing 1 [Source:VGNC Symbol;Acc:VGNC:90057],0.014973619577512,2.735,1.873333,1.74,1.755,1.778333,0.838333,1.358333,1.931667,DLY15,TFB105,4,4,-0.1879,-0.5489,-0.0685,-0.5958,0.0079,0.6733,高PD窗口不一致/不突出,Yes,1.7155,0.3221,0.0696,0.0986,0.1434,-2.0507,-0.7273,0.4288
AA活化/膜重酰化：Lands cycle,ENSSSCG00000023539,MBOAT2,membrane bound O-acyltransferase domain containing 2 [Source:VGNC Symbol;Acc:VGNC:90058],0.03295323817165,0.453333,0.33,0.308333,0.088333,0.32,0.168333,0.176667,0.28,DLY15,TFB15,3,4,0.0197,-0.1077,-0.0237,-0.1761,-0.2656,0.1317,高PD窗口不一致/不突出,Yes,1.6536,0.6206,0.4293,-1.7152,0.5327,-0.889,-0.8062,0.1743
AA活化/膜重酰化：Lands cycle,ENSSSCG00000003267,MBOAT7,membrane bound O-acyltransferase domain containing 7 [Source:VGNC Symbol;Acc:VGNC:90059],2.2925711401211e-06,11.09,9.581667,9.141667,3.523333,8.213333,9.976667,6.83,9.353333,DLY15,TFB45,3,1,0.1619,0.2654,-0.0613,0.2526,-1.1648,-0.0843,TFB45偏高，DLY75不突出,Yes,0.9658,0.5082,0.3624,-2.4104,0.0327,0.6341,-0.526,0.4333
膜磷脂释放AA,ENSSSCG00000013079,DAGLA,diacylglycerol lipase alpha [Source:VGNC Symbol;Acc:VGNC:87152],0.00048308308369453,0.256667,0.138333,0.196667,0.065,0.2,0.068333,0.12,0.121667,DLY15,TFB15,2,4,0.0532,-0.1028,0.0721,-0.1677,-0.1682,0.0703,DLY75偏高，TFB45不突出,Yes,1.7202,-0.093,0.8232,-1.3139,0.8742,-1.2566,-0.3907,-0.3634
膜磷脂释放AA,ENSSSCG00000027288,DAGLB,diacylglycerol lipase beta [Source:VGNC Symbol;Acc:VGNC:87153],6.0372196991237e-10,2.76,1.391667,1.673333,0.55,2.48,1.135,1.261667,2.195,DLY15,TFB15,2,4,0.0584,-0.4805,0.1606,-0.7049,-0.7864,0.5816,DLY75偏高，TFB45不突出,Yes,1.3702,-0.2861,0.1215,-1.874,1.0869,-0.7017,-0.4907,0.7741
膜磷脂释放AA,ENSSSCG00000053405,PLA2G12A,phospholipase A2 group XIIA [Source:HGNC Symbol;Acc:HGNC:18554],2.6272287711503e-05,27.1,20.021667,25.31,2.003333,25.878333,23.945,21.548333,33.121667,DLY15,TFB105,2,3,0.5986,-0.1589,0.3237,-0.1077,-3.131,0.4519,DLY75偏高，TFB45不突出,Yes,0.4785,0.0791,0.3879,-2.5989,0.4173,0.3146,0.1756,0.7457
膜磷脂释放AA,ENSSSCG00000010291,PLA2G12B,phospholipase A2 group XIIB [Source:VGNC Symbol;Acc:VGNC:91489],1.0199487592187e-05,88.8,70.625,77.26,6.956667,66.276667,68.408333,68.746667,79.358333,DLY15,TFB105,2,3,0.471,-0.0621,0.1278,0.045,-3.298,0.2113,DLY75偏高，TFB45不突出,Yes,0.6189,0.3161,0.4347,-2.6266,0.2322,0.274,0.2805,0.4702
膜磷脂释放AA,ENSSSCG00000057510,PLA2G15,phospholipase A2 group XV [Source:HGNC Symbol;Acc:HGNC:17163],8.3265972745439e-07,8.916667,5.198333,5.956667,1.791667,6.805,3.215,5.263333,7.688333,DLY15,TFB105,2,4,0.1425,-0.8477,0.1665,-0.8889,-1.3173,1.0435,DLY75偏高，TFB45不突出,Yes,1.2266,0.0063,0.306,-2.0651,0.6048,-0.9951,0.0334,0.8832
膜磷脂释放AA,ENSSSCG00000031106,PLA2G2D,phospholipase A2 group IID [Source:NCBI gene (formerly Entrezgene);Acc:100512662],0.077491379379491,2.076667,0.626667,0.695,0.05,1.04,0.16,0.573333,0.396667,DLY15,TFB15,2,4,-0.1782,-0.5257,0.0594,-0.8144,-0.6909,0.2679,高PD窗口不一致/不突出,No,2.0519,0.0226,0.1536,-1.3713,0.7436,-1.054,-0.0836,-0.4628
膜磷脂释放AA,ENSSSCG00000023351,PLA2G4A,phospholipase A2 group IVA [Source:VGNC Symbol;Acc:VGNC:91495],2.6351429844459e-05,4.375,1.748333,2.05,0.346667,2.718333,0.795,1.608333,2.788333,DLY15,TFB105,2,4,-0.0496,-0.9095,0.1503,-1.0507,-1.1794,1.0776,高PD窗口不一致/不突出,Yes,1.5742,-0.063,0.1912,-1.8041,0.6748,-1.1027,-0.1906,0.7203
膜磷脂释放AA,ENSSSCG00000000110,PLA2G6,phospholipase A2 group VI [Source:VGNC Symbol;Acc:VGNC:91500],0.0044827661523457,1.515,1.536667,2.365,0.955,1.621667,1.275,1.475,1.83,DLY75,TFB105,1,4,0.5268,-0.2159,0.4077,-0.2046,-0.7834,0.3149,DLY75偏高，TFB45不突出,Yes,-0.0774,-0.0191,1.9013,-1.7891,0.2049,-0.7589,-0.1863,0.7246
膜磷脂释放AA,ENSSSCG00000001723,PLA2G7,phospholipase A2 group VII [Source:VGNC Symbol;Acc:VGNC:91501],1.1828676456633e-07,20.436667,12.633333,14.27,1.1,13.443333,7.613333,5.095,6.368333,DLY15,TFB15,2,2,0.3015,-0.111,0.1636,-0.7458,-2.8622,-0.2252,DLY75偏高，TFB45不突出,Yes,1.2342,0.5719,0.7378,-2.1654,0.6564,-0.1001,-0.6062,-0.3285
膜磷脂释放AA,ENSSSCG00000011750,PLD1,phospholipase D1 [Source:VGNC Symbol;Acc:VGNC:91525],0.016653312557685,1.861667,1.548333,2.46,0.573333,1.99,1.22,1.566667,2.215,DLY75,TFB105,1,4,0.5718,-0.3973,0.4412,-0.4296,-1.1369,0.5343,DLY75偏高，TFB45不突出,Yes,0.3904,-0.108,1.2064,-2.1806,0.5789,-0.7008,-0.0772,0.8908
膜磷脂释放AA,ENSSSCG00000017912,PLD2,phospholipase D2 [Source:VGNC Symbol;Acc:VGNC:91526],0.00076913318380061,1.595,1.041667,1.6,0.401667,1.081667,0.748333,1.021667,1.265,DLY75,TFB105,1,4,0.3693,-0.28,0.3488,-0.2518,-0.8914,0.3735,DLY75偏高，TFB45不突出,Yes,1.2132,-0.0417,1.2232,-2.0096,0.0598,-0.8532,-0.0932,0.5015
膜磷脂释放AA,ENSSSCG00000025109,PLD3,phospholipase D family member 3 [Source:VGNC Symbol;Acc:VGNC:91527],3.6563786102639e-07,25.76,17.42,18.573333,3.158333,23.37,13.386667,13.493333,21.165,DLY15,TFB15,2,4,0.2511,-0.4998,0.0876,-0.7604,-2.2348,0.6236,DLY75偏高，TFB45不突出,Yes,0.9189,0.2433,0.3532,-2.449,0.7497,-0.2038,-0.1904,0.5781
膜磷脂释放AA,ENSSSCG00000002554,PLD4,phospholipase D family member 4 [Source:VGNC Symbol;Acc:VGNC:91528],9.4600638538547e-05,2.81,2.321667,1.913333,0.988333,1.893333,1.355,1.418333,2.206667,DLY15,TFB105,3,4,-0.0614,-0.2699,-0.1892,-0.297,-0.5511,0.4453,高PD窗口不一致/不突出,Yes,1.5398,0.8471,0.1846,-1.7447,0.1498,-0.8899,-0.7559,0.6691
膜磷脂释放AA,ENSSSCG00000013572,PNPLA6,patatin like phospholipase domain containing 6 [Source:VGNC Symbol;Acc:VGNC:91608],0.073219686188163,3.326667,2.661667,3.27,1.936667,3.008333,2.145,3.421667,3.448333,DLY15,TFB105,2,4,0.2296,-0.4489,0.2217,-0.3499,-0.5401,0.5002,DLY75偏高，TFB45不突出,No,0.7556,-0.3486,0.6684,-1.8086,0.2499,-1.3551,0.8993,0.9391
膜磷脂释放AA,ENSSSCG00000034978,PNPLA7,patatin like phospholipase domain containing 7 [Source:VGNC Symbol;Acc:VGNC:91609],1.2155851482272e-05,10.05,8.425,11.758333,1.701667,10.018333,8.148333,8.636667,10.978333,DLY75,TFB105,1,4,0.7237,-0.2498,0.4369,-0.2683,-2.2395,0.3888,DLY75偏高，TFB45不突出,Yes,0.4479,0.107,0.756,-2.571,0.4417,0.0431,0.1546,0.6208
膜磷脂释放AA,ENSSSCG00000015446,PNPLA8,patatin like phospholipase domain containing 8 [Source:VGNC Symbol;Acc:VGNC:91610],0.0037760995746684,6.191667,5.443333,7.171667,1.125,5.186667,5.24,6.935,10.006667,DLY75,TFB105,1,3,0.6374,-0.4247,0.3428,0.0124,-1.9432,0.8188,DLY75偏高，TFB45不突出,Yes,0.2685,0.0251,0.5515,-2.4318,-0.0649,-0.0459,0.4864,1.2111
COX→前列腺素/血栓烷,ENSSSCG00000031111,CBR1,carbonyl reductase 1 [Source:NCBI gene (formerly Entrezgene);Acc:397143],0.04042178558556,10.83,48.455,40.601667,10.82,1.57,2.48,6.04,2.945,DLY45,TFB75,2,3,0.7716,-0.3767,-0.2495,0.4373,-1.8154,0.1809,DLY75偏高，TFB45不突出,Yes,0.2029,1.5843,1.4173,0.202,-1.2715,-0.9788,-0.2984,-0.8577
COX→前列腺素/血栓烷,ENSSSCG00000031851,CBR2,carbonyl reductase 2 [Source:NCBI gene (formerly Entrezgene);Acc:396780],0.00051054036726175,3.683333,4.625,5.975,1.575,3.658333,4.953333,5.813333,4.293333,DLY75,TFB75,1,2,0.6997,0.0913,0.3103,0.3539,-1.4376,-0.1695,TFB45与DLY75共同偏高,Yes,-0.3024,0.3173,1.0449,-2.3258,-0.3205,0.5092,0.9656,0.1117
COX→前列腺素/血栓烷,ENSSSCG00000012053,CBR3,carbonyl reductase 3 [Source:NCBI gene (formerly Entrezgene);Acc:100512990],0.0008749847635069,9.943333,4.033333,1.268333,0.453333,3.825,4.303333,2.113333,2.461667,DLY15,TFB45,3,1,-1.3569,0.4809,-1.1499,0.1364,-0.6423,-0.6154,TFB45偏高，DLY75不突出,Yes,1.8237,0.4619,-0.9357,-1.7163,0.3878,0.5535,-0.3805,-0.1945
COX→前列腺素/血栓烷,ENSSSCG00000040080,PTGDS,prostaglandin D2 synthase [Source:NCBI gene (formerly Entrezgene);Acc:397456],0.0022397852942538,2.783333,5.156667,5.691667,2.118333,1.726667,4.345,2.506667,2.21,DLY75,TFB45,1,1,0.6204,0.7639,0.1202,0.9711,-1.1016,-0.7356,TFB45与DLY75共同偏高,Yes,-0.2524,1.2801,1.5423,-0.8608,-1.2832,0.8351,-0.4914,-0.7696
COX→前列腺素/血栓烷,ENSSSCG00000005688,PTGES,prostaglandin E synthase [Source:NCBI gene (formerly Entrezgene);Acc:654407],1.330037745988e-05,3.583333,2.618333,2.041667,0.496667,1.823333,1.378333,1.113333,1.001667,DLY15,TFB15,3,2,-0.0879,0.0403,-0.2505,-0.2474,-1.0231,-0.2487,TFB45偏高，DLY75不突出,Yes,1.6933,0.983,0.4614,-1.6693,0.2376,-0.2777,-0.6326,-0.7957
COX→前列腺素/血栓烷,ENSSSCG00000022655,PTGES2,prostaglandin E synthase 2 [Source:VGNC Symbol;Acc:VGNC:91951],2.3009316289577e-06,5.148333,4.325,2.933333,1.238333,3.656667,3.35,3.166667,3.625,DLY15,TFB15,3,3,-0.2166,-0.0434,-0.437,-0.0983,-0.8133,0.0884,高PD窗口不一致/不突出,Yes,1.3011,0.7848,-0.303,-2.3275,0.3032,0.0586,-0.096,0.2787
COX→前列腺素/血栓烷,ENSSSCG00000000406,PTGES3,prostaglandin E synthase 3 [Source:VGNC Symbol;Acc:VGNC:91952],1.2172028403517e-06,123.416667,57.083333,65.84,9.78,85.223333,65.896667,66.1,98.88,DLY15,TFB105,2,4,0.0531,-0.3353,0.2026,-0.3661,-2.6324,0.5783,DLY75偏高，TFB45不突出,Yes,1.0117,-0.0789,0.1222,-2.4901,0.4867,0.1234,0.1277,0.6972
COX→前列腺素/血栓烷,ENSSSCG00000007463,PTGIS,prostaglandin I2 synthase [Source:VGNC Symbol;Acc:VGNC:96515],0.03993949716364,1.021667,1.203333,1.491667,0.388333,0.871667,1.161667,0.74,1.601667,DLY75,TFB105,1,2,0.4132,0.0617,0.1774,0.2078,-0.8438,0.2673,TFB45与DLY75共同偏高,Yes,-0.0074,0.4454,1.0926,-1.9852,-0.4131,0.3449,-0.797,1.3199
COX→前列腺素/血栓烷,ENSSSCG00000005533,PTGS1,prostaglandin-endoperoxide synthase 1 [Source:VGNC Symbol;Acc:VGNC:91958],5.9249284855698e-06,4.698333,2.673333,3.323333,0.965,3.126667,1.666667,2.158333,2.973333,DLY15,TFB15,2,4,0.1942,-0.4929,0.2351,-0.6299,-1.1376,0.5753,DLY75偏高，TFB45不突出,Yes,1.5622,0.1229,0.657,-1.9277,0.5044,-0.9269,-0.3722,0.3803
COX→前列腺素/血栓烷,ENSSSCG00000015579,PTGS2,prostaglandin-endoperoxide synthase 2 [Source:NCBI gene (formerly Entrezgene);Acc:397590],0.0076929349637044,0.87,0.41,0.41,0.121667,0.425,0.22,0.333333,0.696667,DLY15,TFB105,3,4,-0.0574,-0.2836,0.0,-0.2241,-0.3301,0.4758,高PD窗口不一致/不突出,Yes,1.7918,-0.0394,-0.0394,-1.5231,0.0292,-0.9781,-0.402,1.1609
COX→前列腺素/血栓烷,ENSSSCG00000016504,TBXAS1,thromboxane A synthase 1 [Source:VGNC Symbol;Acc:VGNC:104202],9.4089182377476e-08,4.673333,1.4,1.436667,0.17,4.533333,0.618333,1.815,3.236667,DLY15,TFB15,2,4,-0.3385,-1.3742,0.0219,-1.7736,-1.0584,1.3884,高PD窗口不一致/不突出,Yes,1.3131,-0.3134,-0.2847,-1.6717,1.2659,-1.0584,-0.0118,0.7611
LOX→白三烯/HETE,ENSSSCG00000010404,ALOX5,arachidonate 5-lipoxygenase [Source:VGNC Symbol;Acc:VGNC:85266],9.6792890005763e-05,0.415,0.286667,0.325,0.125,0.665,0.218333,0.378333,1.018333,DLY15,TFB105,2,4,0.0549,-0.4697,0.0424,-0.4506,-0.2361,0.7283,DLY75偏高，TFB45不突出,Yes,0.0347,-0.5127,-0.3437,-1.2857,0.9714,-0.8269,-0.1165,2.0794
LOX→白三烯/HETE,ENSSSCG00000009330,ALOX5AP,arachidonate 5-lipoxygenase activating protein [Source:VGNC Symbol;Acc:VGNC:109456],8.1876726930986e-10,16.566667,7.01,7.551667,0.996667,14.431667,3.558333,5.655,11.26,DLY15,TFB15,2,4,-0.104,-1.3286,0.0944,-1.7593,-2.0986,1.4274,高PD窗口不一致/不突出,Yes,1.2247,0.0389,0.1377,-2.0587,1.029,-0.8123,-0.2409,0.6816
LOX→白三烯/HETE,ENSSSCG00000060656,GPX1,glutathione peroxidase 1 [Source:NCBI gene (formerly Entrezgene);Acc:397403],8.501698858308e-05,449.103333,503.24,453.063333,56.108333,395.595,436.051667,416.051667,405.94,DLY45,TFB45,2,1,0.4295,0.1033,-0.1512,0.1401,-2.9911,-0.103,TFB45与DLY75共同偏高,Yes,0.4204,0.5883,0.4334,-2.6314,0.2333,0.3769,0.3077,0.2714
LOX→白三烯/HETE,ENSSSCG00000036438,GPX3,glutathione peroxidase 3 [Source:NCBI gene (formerly Entrezgene);Acc:396598],0.0017588564474027,33.126667,90.645,114.456667,24.386667,59.596667,109.016667,78.878333,108.69,DLY75,TFB45,1,1,1.1963,0.3998,0.3332,0.8604,-2.1852,-0.0043,TFB45与DLY75共同偏高,Yes,-1.3193,0.5184,0.9481,-1.8697,-0.2512,0.8583,0.2627,0.8528
LOX→白三烯/HETE,ENSSSCG00000024052,GPX4,glutathione peroxidase 4 [Source:NCBI gene (formerly Entrezgene);Acc:399537],4.9366393057185e-07,122.551667,147.863333,118.076667,36.656667,120.42,147.828333,123.65,135.936667,DLY45,TFB45,3,1,0.2043,0.2212,-0.3221,0.2936,-1.6609,-0.1201,TFB45偏高，DLY75不突出,Yes,0.2248,0.667,0.1373,-2.5938,0.1836,0.6664,0.2458,0.4689
LOX→白三烯/HETE,ENSSSCG00000038094,GPX7,glutathione peroxidase 7 [Source:VGNC Symbol;Acc:VGNC:97069],3.5767921612999e-06,1.353333,1.355,0.95,0.326667,0.808333,0.726667,0.415,0.473333,DLY45,TFB15,3,2,-0.0449,0.1413,-0.2723,-0.0667,-0.5557,-0.2289,TFB45偏高，DLY75不突出,Yes,1.4012,1.4046,0.4891,-1.3795,0.1232,-0.101,-1.0668,-0.8708
LOX→白三烯/HETE,ENSSSCG00000021973,GPX8,glutathione peroxidase 8 (putative) [Source:VGNC Symbol;Acc:VGNC:110664],0.067308817978094,3.45,3.205,2.715,1.463333,2.04,2.388333,1.936667,2.556667,DLY15,TFB105,3,2,0.0035,0.0926,-0.1787,0.1565,-0.5928,0.0699,TFB45偏高，DLY75不突出,No,1.4568,1.1457,0.4652,-1.7914,-0.6361,-0.0403,-0.826,0.226
LOX→白三烯/HETE,ENSSSCG00000000891,LTA4H,leukotriene A4 hydrolase [Source:NCBI gene (formerly Entrezgene);Acc:100154219],1.3160891810489e-07,22.186667,13.501667,14.233333,1.925,16.986667,10.021667,11.991667,19.176667,DLY15,TFB105,2,4,0.1702,-0.6296,0.071,-0.7066,-2.3807,0.8723,DLY75偏高，TFB45不突出,Yes,0.967,0.1905,0.2719,-2.4583,0.5468,-0.2635,0.0086,0.7369
LOX→白三烯/HETE,ENSSSCG00000028488,LTC4S,leukotriene C4 synthase [Source:VGNC Symbol;Acc:VGNC:89890],0.001083862067762,171.378333,212.481667,191.538333,72.16,168.896667,176.255,165.363333,183.818333,DLY45,TFB105,2,2,0.3316,0.0293,-0.149,0.0612,-1.396,0.0603,TFB45与DLY75共同偏高,Yes,0.1954,0.8846,0.5519,-2.5668,0.1487,0.2853,0.0809,0.42
CYP450→EET/HETE,ENSSSCG00000055326,CYP2C42,cytochrome P450 C42 [Source:NCBI gene (formerly Entrezgene);Acc:403111],0.0052894634655236,33.73,14.543333,25.123333,0.671667,22.453333,11.206667,19.956667,15.268333,DLY15,TFB15,2,4,0.5933,-0.7285,0.749,-0.9421,-3.966,0.4144,DLY75偏高，TFB45不突出,Yes,0.9699,0.0558,0.6461,-2.4796,0.5235,-0.219,0.3956,0.1076
CYP450→EET/HETE,ENSSSCG00000059716,CYP2C49,cytochrome P450 2C49 [Source:NCBI gene (formerly Entrezgene);Acc:403215],0.054686066206551,863.203333,712.478333,761.106667,35.651667,1132.718333,783.071667,798.155,1260.008333,DLY15,TFB105,2,4,0.5021,-0.4413,0.0951,-0.532,-4.378,0.6855,DLY75偏高，TFB45不突出,No,0.3512,0.172,0.2336,-2.6048,0.6051,0.2602,0.278,0.7046
CYP450→EET/HETE,ENSSSCG00000010780,CYP2E1,cytochrome P450 family 2 subfamily E member 1 [Source:VGNC Symbol;Acc:VGNC:103356],1.7979919619592e-06,2414.646667,2728.276667,4310.473333,380.505,2831.881667,4118.81,4361.328333,6551.015,DLY75,TFB105,1,3,1.2268,-0.1535,0.6597,0.5403,-3.4984,0.6694,DLY75偏高，TFB45不突出,Yes,-0.1756,-0.0249,0.5395,-2.4538,0.0211,0.4834,0.554,1.0561
CYP450→EET/HETE,ENSSSCG00000032803,CYP2S1,cytochrome P450 family 2 subfamily S member 1 [Source:VGNC Symbol;Acc:VGNC:103351],0.075949576779487,0.625,0.621667,0.58,0.313333,0.426667,0.468333,0.276667,0.503333,DLY15,TFB105,3,2,0.0559,0.0665,-0.0376,0.0415,-0.2667,0.034,TFB45偏高，DLY75不突出,No,1.1565,1.1326,0.8292,-1.3257,-0.3608,-0.0253,-1.6558,0.2493
CYP450→EET/HETE,ENSSSCG00000009151,CYP2U1,cytochrome P450 family 2 subfamily U member 1 [Source:VGNC Symbol;Acc:VGNC:103357],0.0044130394210628,9.381667,8.496667,14.43,0.863333,10.11,8.883333,10.37,14.111667,DLY75,TFB105,1,4,1.0902,-0.3424,0.7002,-0.1688,-3.0498,0.6126,DLY75偏高，TFB45不突出,Yes,0.1839,0.0423,0.814,-2.5471,0.2918,0.1057,0.3285,0.7809
CYP450→EET/HETE,ENSSSCG00000058165,CYP4A21,cytochrome P450 family 4 subfamily A member 21 [Source:NCBI gene (formerly Entrezgene);Acc:403327],0.0016115539153052,370.196667,223.423333,263.823333,4.271667,291.855,117.65,184.188333,224.578333,DLY15,TFB15,2,4,0.4029,-0.9831,0.2388,-1.3035,-5.6506,0.9269,DLY75偏高，TFB45不突出,Yes,0.7458,0.3542,0.483,-2.5651,0.5613,-0.1418,0.2046,0.3582
CYP450→EET/HETE,ENSSSCG00000032687,CYP4V2,cytochrome P450 family 4 subfamily V member 2 [Source:VGNC Symbol;Acc:VGNC:103361],1.5160957929272e-06,35.08,31.85,65.031667,5.095,46.1,37.281667,52.853333,87.265,DLY75,TFB105,1,4,1.4007,-0.7204,1.0073,-0.2991,-3.4375,1.2052,DLY75偏高，TFB45不突出,Yes,-0.0585,-0.1828,0.7424,-2.4149,0.2947,0.02,0.4722,1.1269
CYP450→EET/HETE,ENSSSCG00000010853,EPHX1,epoxide hydrolase 1 [Source:NCBI gene (formerly Entrezgene);Acc:397639],7.4040192129184e-07,990.73,753.203333,697.046667,79.85,620.3,559.343333,457.475,594.431667,DLY15,TFB15,3,3,0.1971,0.005,-0.1116,-0.149,-3.11,0.0876,高PD窗口不一致/不突出,Yes,0.9443,0.5649,0.4577,-2.5291,0.2963,0.1533,-0.1248,0.2374
CYP450→EET/HETE,ENSSSCG00000009666,EPHX2,epoxide hydrolase 2 [Source:NCBI gene (formerly Entrezgene);Acc:414425],4.0645653856805e-06,224.016667,165.775,198.791667,39.893333,142.265,154.855,135.973333,155.2,DLY15,TFB105,2,2,0.4701,0.0994,0.2606,0.1215,-2.2886,0.0032,TFB45与DLY75共同偏高,Yes,0.9702,0.359,0.7276,-2.5093,0.049,0.2208,-0.0427,0.2253
CYP450→EET/HETE,ENSSSCG00000028144,EPHX3,epoxide hydrolase 3 [Source:VGNC Symbol;Acc:VGNC:97980],0.021782740685761,0.361667,0.293333,0.421667,0.051667,0.386667,0.201667,0.388333,0.366667,DLY75,TFB75,1,4,0.2024,-0.2002,0.1365,-0.2066,-0.4349,0.1856,DLY75偏高，TFB45不突出,Yes,0.461,-0.0808,0.9148,-2.2576,0.6524,-0.8544,0.6651,0.4996
受体/转运/灭活,ENSSSCG00000039203,CYSLTR1,cysteinyl leukotriene receptor 1 [Source:VGNC Symbol;Acc:VGNC:87132],0.07041689325819,0.488333,0.458333,0.391667,0.066667,0.688333,0.221667,0.56,0.653333,DLY15,TFB15,3,4,0.057,-0.4195,-0.0675,-0.4667,-0.3837,0.4365,高PD窗口不一致/不突出,No,0.2917,0.1519,-0.1695,-1.9961,1.1577,-1.0643,0.6147,1.0138
受体/转运/灭活,ENSSSCG00000009399,CYSLTR2,cysteinyl leukotriene receptor 2 [Source:NCBI gene (formerly Entrezgene);Acc:397243],0.018874761376009,1.361667,0.745,0.895,0.838333,0.881667,0.268333,0.778333,1.108333,DLY15,TFB105,2,4,-0.0645,-0.6003,0.119,-0.5691,-0.0438,0.7332,高PD窗口不一致/不突出,Yes,1.5066,-0.2996,0.1926,0.0114,0.1504,-2.204,-0.1867,0.8293
受体/转运/灭活,ENSSSCG00000009699,HPGD,15-hydroxyprostaglandin dehydrogenase [Source:VGNC Symbol;Acc:VGNC:88961],0.00046063725746113,94.495,99.37,111.608333,18.645,107.381667,119.536667,115.358333,167.906667,DLY75,TFB105,1,2,0.6485,-0.1225,0.166,0.1534,-2.5191,0.4868,DLY75偏高，TFB45不突出,Yes,0.0492,0.1311,0.3203,-2.5515,0.2574,0.4322,0.3742,0.9871
受体/转运/灭活,ENSSSCG00000020941,LTB4R2,leukotriene B4 receptor 2 [Source:VGNC Symbol;Acc:VGNC:89884],9.746830363477e-08,1.915,0.751667,1.02,0.196667,1.493333,0.575,0.815,1.361667,DLY15,TFB15,2,4,0.0476,-0.4974,0.2056,-0.6627,-0.7553,0.5845,DLY75偏高，TFB45不突出,Yes,1.5216,-0.4022,0.1362,-1.8415,0.9314,-0.8038,-0.2681,0.7265
受体/转运/灭活,ENSSSCG00000057054,PTGDR,prostaglandin D2 receptor [Source:VGNC Symbol;Acc:VGNC:111816],8.5923382449267e-06,0.298333,0.061667,0.055,0.033333,0.075,0.045,0.055,0.073333,DLY15,TFB15,3,4,-0.1005,-0.0311,-0.0091,-0.0408,-0.0299,0.0386,高PD窗口不一致/不突出,Yes,2.6043,-0.3058,-0.3969,-0.697,-0.1253,-0.5346,-0.3969,-0.1478
受体/转运/灭活,ENSSSCG00000013106,PTGDR2,prostaglandin D2 receptor 2 [Source:VGNC Symbol;Acc:VGNC:91947],0.033749281599912,0.373333,0.356667,0.43,0.016667,1.145,0.3,0.113333,0.816667,DLY75,TFB15,1,3,0.1954,-0.3799,0.0759,-0.7225,-0.4922,0.4828,DLY75偏高，TFB45不突出,Yes,-0.1038,-0.1576,0.0744,-1.429,1.8612,-0.3456,-1.0287,1.1291
受体/转运/灭活,ENSSSCG00000021862,PTGER2,prostaglandin E receptor 2 [Source:VGNC Symbol;Acc:VGNC:111764],0.0062550710514348,0.573333,0.293333,0.243333,0.12,0.348333,0.16,0.203333,0.278333,DLY15,TFB15,3,4,-0.096,-0.1383,-0.0569,-0.2171,-0.1507,0.1401,高PD窗口不一致/不突出,Yes,2.1711,0.176,-0.2254,-1.2889,0.6,-0.9317,-0.5583,0.0572
受体/转运/灭活,ENSSSCG00000003788,PTGER3,prostaglandin E receptor 3 [Source:VGNC Symbol;Acc:VGNC:98225],1.1673239322932e-05,0.676667,0.225,0.481667,0.11,0.59,0.173333,0.351667,0.921667,DLY15,TFB105,2,4,0.148,-0.4664,0.2744,-0.4384,-0.4167,0.7117,DLY75偏高，TFB45不突出,Yes,0.9375,-0.8204,0.245,-1.3725,0.6402,-1.0618,-0.2693,1.7013
受体/转运/灭活,ENSSSCG00000024439,PTGER4,prostaglandin E receptor 4 [Source:VGNC Symbol;Acc:VGNC:91949],4.8937114689912e-05,1.243333,0.495,0.565,0.128333,0.738333,0.281667,0.463333,0.718333,DLY15,TFB15,2,4,-0.0518,-0.3557,0.066,-0.4397,-0.472,0.423,高PD窗口不一致/不突出,Yes,1.9051,-0.1832,0.0522,-1.6312,0.5928,-0.9755,-0.2934,0.5332
受体/转运/灭活,ENSSSCG00000006735,PTGFRN,prostaglandin F2 receptor inhibitor [Source:VGNC Symbol;Acc:VGNC:91955],0.012035603819845,1.395,1.038333,1.143333,0.101667,1.993333,0.713333,1.623333,2.211667,DLY15,TFB105,2,4,0.2162,-0.7804,0.0725,-0.8049,-0.9602,0.9065,DLY75偏高，TFB45不突出,Yes,0.3027,-0.2003,-0.0436,-2.1194,0.9982,-0.742,0.5867,1.2178
受体/转运/灭活,ENSSSCG00000026602,PTGIR,prostaglandin I2 receptor [Source:VGNC Symbol;Acc:VGNC:91956],1.7470690758975e-06,1.596667,0.976667,0.993333,0.176667,1.025,0.628333,0.77,0.811667,DLY15,TFB15,2,4,0.0566,-0.1988,0.0121,-0.3145,-0.7605,0.1539,DLY75偏高，TFB45不突出,Yes,1.6521,0.3585,0.3983,-2.1012,0.473,-0.5607,-0.1652,-0.0548
受体/转运/灭活,ENSSSCG00000021386,PTGR1,prostaglandin reductase 1 [Source:VGNC Symbol;Acc:VGNC:91957],7.3363102315223e-05,237.75,227.845,199.4,62.418333,173.706667,212.265,225.625,263.19,DLY15,TFB105,3,3,0.1791,-0.0569,-0.1915,0.2877,-1.6599,0.3089,高PD窗口不一致/不突出,Yes,0.563,0.4635,0.1521,-2.548,-0.1699,0.2981,0.4407,0.8006
受体/转运/灭活,ENSSSCG00000002351,PTGR2,prostaglandin reductase 2 [Source:HGNC Symbol;Acc:HGNC:20149],0.0055725164022045,122.683333,127.591667,116.9,22.793333,124.666667,126.266667,137.015,154.545,DLY45,TFB105,3,3,0.3575,-0.1349,-0.1252,0.0183,-2.3089,0.2895,高PD窗口不一致/不突出,Yes,0.2802,0.3487,0.196,-2.6203,0.3082,0.3305,0.4732,0.6836
受体/转运/灭活,ENSSSCG00000032488,PTGR3,prostaglandin reductase 3 [Source:VGNC Symbol;Acc:VGNC:95049],4.5875160157231e-05,17.658333,18.508333,18.011667,6.521667,16.66,17.901667,21.803333,20.483333,DLY45,TFB75,2,3,0.32,-0.1276,-0.0372,0.098,-1.3378,0.1847,DLY75偏高，TFB45不突出,Yes,0.2088,0.3451,0.2662,-2.5722,0.0404,0.2484,0.8228,0.6403
受体/转运/灭活,ENSSSCG00000011641,SLCO2A1,solute carrier organic anion transporter family member 2A1 [Source:NCBI gene (formerly Entrezgene);Acc:100144510],0.01614514736211,1.513333,0.915,0.938333,0.22,2.568333,2.226667,0.743333,2.985,DLY15,TFB105,2,3,0.042,0.0583,0.0175,-0.1452,-0.6679,0.3045,DLY75偏高，TFB45不突出,Yes,0.1838,-0.5314,-0.4995,-1.7173,1.1057,0.841,-0.7784,1.3962
受体/转运/灭活,ENSSSCG00000033759,TBXA2R,thromboxane A2 receptor [Source:VGNC Symbol;Acc:VGNC:93806],7.443814797316e-06,0.676667,0.596667,0.615,0.226667,0.693333,0.416667,0.441667,0.55,DLY15,TFB15,2,4,0.1066,-0.1406,0.0165,-0.2574,-0.3968,0.1298,DLY75偏高，TFB45不突出,Yes,0.9748,0.4904,0.6035,-2.1216,1.0728,-0.6948,-0.5214,0.1965
