metabolite,breed,stage_kg,group,rep,value
Urea,DLY,15,DLY15,1,1.0514
Urea,DLY,15,DLY15,2,0.5765
Urea,DLY,15,DLY15,3,0.5907
Urea,DLY,15,DLY15,4,0.876
Urea,DLY,15,DLY15,5,0.7862
Urea,DLY,15,DLY15,6,1.4112
Urea,DLY,15,DLY15,7,0.6827
Urea,DLY,15,DLY15,8,0.4757
Urea,TFB,15,TFB15,1,3.4034
Urea,TFB,15,TFB15,2,3.447
Urea,TFB,15,TFB15,3,2.7024
Urea,TFB,15,TFB15,4,2.7828
Urea,TFB,15,TFB15,5,3.76065
Urea,TFB,15,TFB15,6,3.05415
Urea,TFB,15,TFB15,7,2.02425
Urea,TFB,15,TFB15,8,4.0797
Thr,DLY,15,DLY15,1,0.3224
Thr,DLY,15,DLY15,2,0.2742
Thr,DLY,15,DLY15,3,0.3803
Thr,DLY,15,DLY15,4,0.174
Thr,DLY,15,DLY15,5,0.1649
Thr,DLY,15,DLY15,6,0.1733
Thr,DLY,15,DLY15,7,0.57
Thr,DLY,15,DLY15,8,0.4566
Thr,TFB,15,TFB15,1,0.2633
Thr,TFB,15,TFB15,2,0.2484
Thr,TFB,15,TFB15,3,0.20835
Thr,TFB,15,TFB15,4,0.37095
Thr,TFB,15,TFB15,5,0.33495
Thr,TFB,15,TFB15,6,0.3135
Thr,TFB,15,TFB15,7,0.1806
Thr,TFB,15,TFB15,8,0.2688
Ser,DLY,15,DLY15,1,0.1256
Ser,DLY,15,DLY15,2,0.1125
Ser,DLY,15,DLY15,3,0.1413
Ser,DLY,15,DLY15,4,0.14
Ser,DLY,15,DLY15,5,0.122
Ser,DLY,15,DLY15,6,0.1106
Ser,DLY,15,DLY15,7,0.1439
Ser,DLY,15,DLY15,8,0.1478
Ser,TFB,15,TFB15,1,0.116
Ser,TFB,15,TFB15,2,0.1641
Ser,TFB,15,TFB15,3,0.1641
Ser,TFB,15,TFB15,4,0.1746
Ser,TFB,15,TFB15,5,0.13725
Ser,TFB,15,TFB15,6,0.21285
Ser,TFB,15,TFB15,7,0.13005
Ser,TFB,15,TFB15,8,0.16305
Glu,DLY,15,DLY15,1,0.2681
Glu,DLY,15,DLY15,2,0.266
Glu,DLY,15,DLY15,3,0.3369
Glu,DLY,15,DLY15,4,0.323
Glu,DLY,15,DLY15,5,0.2825
Glu,DLY,15,DLY15,6,0.3399
Glu,DLY,15,DLY15,7,0.4356
Glu,DLY,15,DLY15,8,0.2682
Glu,TFB,15,TFB15,1,0.2612
Glu,TFB,15,TFB15,2,0.3291
Glu,TFB,15,TFB15,3,0.31275
Glu,TFB,15,TFB15,4,0.37935
Glu,TFB,15,TFB15,5,0.2349
Glu,TFB,15,TFB15,6,0.50145
Glu,TFB,15,TFB15,7,0.22815
Glu,TFB,15,TFB15,8,0.2094
a-AAA,DLY,15,DLY15,1,0.0686
a-AAA,DLY,15,DLY15,2,0.0801
a-AAA,DLY,15,DLY15,3,0.0513
a-AAA,DLY,15,DLY15,4,0.07
a-AAA,DLY,15,DLY15,5,0.0104
a-AAA,DLY,15,DLY15,6,0.0138
a-AAA,DLY,15,DLY15,7,0.1278
a-AAA,DLY,15,DLY15,8,0.0825
a-AAA,TFB,15,TFB15,1,0.1089
a-AAA,TFB,15,TFB15,2,0.1071
a-AAA,TFB,15,TFB15,3,0.11505
a-AAA,TFB,15,TFB15,4,0.0108
a-AAA,TFB,15,TFB15,5,0.0798
a-AAA,TFB,15,TFB15,6,0.0783
a-AAA,TFB,15,TFB15,7,0.0096
a-AAA,TFB,15,TFB15,8,0.0348
Gly,DLY,15,DLY15,1,1.1532
Gly,DLY,15,DLY15,2,0.9422
Gly,DLY,15,DLY15,3,1.1124
Gly,DLY,15,DLY15,4,0.991
Gly,DLY,15,DLY15,5,1.1735
Gly,DLY,15,DLY15,6,0.7226
Gly,DLY,15,DLY15,7,1.2503
Gly,DLY,15,DLY15,8,1.0431
Gly,TFB,15,TFB15,1,0.8747
Gly,TFB,15,TFB15,2,1.1151
Gly,TFB,15,TFB15,3,1.3047
Gly,TFB,15,TFB15,4,1.0164
Gly,TFB,15,TFB15,5,0.78225
Gly,TFB,15,TFB15,6,1.1586
Gly,TFB,15,TFB15,7,1.0806
Gly,TFB,15,TFB15,8,1.077
Ala,DLY,15,DLY15,1,0.4757
Ala,DLY,15,DLY15,2,0.5625
Ala,DLY,15,DLY15,3,0.7934
Ala,DLY,15,DLY15,4,0.516
Ala,DLY,15,DLY15,5,0.6516
Ala,DLY,15,DLY15,6,0.5445
Ala,DLY,15,DLY15,7,0.7319
Ala,DLY,15,DLY15,8,0.8043
Ala,TFB,15,TFB15,1,0.6432
Ala,TFB,15,TFB15,2,0.91935
Ala,TFB,15,TFB15,3,0.606
Ala,TFB,15,TFB15,4,0.4908
Ala,TFB,15,TFB15,5,0.70725
Ala,TFB,15,TFB15,6,0.74895
Ala,TFB,15,TFB15,7,0.6456
Ala,TFB,15,TFB15,8,0.6129
Val,DLY,15,DLY15,1,0.162
Val,DLY,15,DLY15,2,0.1851
Val,DLY,15,DLY15,3,0.2021
Val,DLY,15,DLY15,4,0.195
Val,DLY,15,DLY15,5,0.1749
Val,DLY,15,DLY15,6,0.1523
Val,DLY,15,DLY15,7,0.2037
Val,DLY,15,DLY15,8,0.2009
Val,TFB,15,TFB15,1,0.3233
Val,TFB,15,TFB15,2,0.36255
Val,TFB,15,TFB15,3,0.28125
Val,TFB,15,TFB15,4,0.2928
Val,TFB,15,TFB15,5,0.3075
Val,TFB,15,TFB15,6,0.39495
Val,TFB,15,TFB15,7,0.2355
Val,TFB,15,TFB15,8,0.2874
Cys,DLY,15,DLY15,1,0.0173
Cys,DLY,15,DLY15,2,0.0186
Cys,DLY,15,DLY15,3,0.0362
Cys,DLY,15,DLY15,4,0.016
Cys,DLY,15,DLY15,5,0.018
Cys,DLY,15,DLY15,6,0.0086
Cys,DLY,15,DLY15,7,0.0327
Cys,DLY,15,DLY15,8,0.0207
Cys,TFB,15,TFB15,1,0.0021
Cys,TFB,15,TFB15,2,0.00165
Cys,TFB,15,TFB15,3,0.01545
Cys,TFB,15,TFB15,4,0.0006
Cys,TFB,15,TFB15,5,0.00195
Cys,TFB,15,TFB15,6,0.00645
Cys,TFB,15,TFB15,7,0.0042
Cys,TFB,15,TFB15,8,0.0012
Met,DLY,15,DLY15,1,0.0339
Met,DLY,15,DLY15,2,0.032
Met,DLY,15,DLY15,3,0.0368
Met,DLY,15,DLY15,4,0.038
Met,DLY,15,DLY15,5,0.0506
Met,DLY,15,DLY15,6,0.0144
Met,DLY,15,DLY15,7,0.0609
Met,DLY,15,DLY15,8,0.063
Met,TFB,15,TFB15,1,0.0177
Met,TFB,15,TFB15,2,0.0192
Met,TFB,15,TFB15,3,0.04395
Met,TFB,15,TFB15,4,0.0219
Met,TFB,15,TFB15,5,0.0249
Met,TFB,15,TFB15,6,0.04095
Met,TFB,15,TFB15,7,0.01125
Met,TFB,15,TFB15,8,0.01545
Ile,DLY,15,DLY15,1,0.0528
Ile,DLY,15,DLY15,2,0.0416
Ile,DLY,15,DLY15,3,0.0912
Ile,DLY,15,DLY15,4,0.064
Ile,DLY,15,DLY15,5,0.0612
Ile,DLY,15,DLY15,6,0.0573
Ile,DLY,15,DLY15,7,0.0488
Ile,DLY,15,DLY15,8,0.1098
Ile,TFB,15,TFB15,1,0.1013
Ile,TFB,15,TFB15,2,0.12075
Ile,TFB,15,TFB15,3,0.1098
Ile,TFB,15,TFB15,4,0.1074
Ile,TFB,15,TFB15,5,0.09675
Ile,TFB,15,TFB15,6,0.16185
Ile,TFB,15,TFB15,7,0.08025
Ile,TFB,15,TFB15,8,0.084
Leu,DLY,15,DLY15,1,0.1017
Leu,DLY,15,DLY15,2,0.1238
Leu,DLY,15,DLY15,3,0.1437
Leu,DLY,15,DLY15,4,0.134
Leu,DLY,15,DLY15,5,0.1091
Leu,DLY,15,DLY15,6,0.1275
Leu,DLY,15,DLY15,7,0.1358
Leu,DLY,15,DLY15,8,0.1272
Leu,TFB,15,TFB15,1,0.1761
Leu,TFB,15,TFB15,2,0.19635
Leu,TFB,15,TFB15,3,0.19305
Leu,TFB,15,TFB15,4,0.18135
Leu,TFB,15,TFB15,5,0.1788
Leu,TFB,15,TFB15,6,0.2874
Leu,TFB,15,TFB15,7,0.1431
Leu,TFB,15,TFB15,8,0.15315
Tyr,DLY,15,DLY15,1,0.0483
Tyr,DLY,15,DLY15,2,0.0827
Tyr,DLY,15,DLY15,3,0.0917
Tyr,DLY,15,DLY15,4,0.065
Tyr,DLY,15,DLY15,5,0.0651
Tyr,DLY,15,DLY15,6,0.0569
Tyr,DLY,15,DLY15,7,0.0701
Tyr,DLY,15,DLY15,8,0.0612
Tyr,TFB,15,TFB15,1,0.0858
Tyr,TFB,15,TFB15,2,0.08385
Tyr,TFB,15,TFB15,3,0.08145
Tyr,TFB,15,TFB15,4,0.08175
Tyr,TFB,15,TFB15,5,0.10755
Tyr,TFB,15,TFB15,6,0.10095
Tyr,TFB,15,TFB15,7,0.105
Tyr,TFB,15,TFB15,8,0.08565
Phe,DLY,15,DLY15,1,0.0444
Phe,DLY,15,DLY15,2,0.0395
Phe,DLY,15,DLY15,3,0.0563
Phe,DLY,15,DLY15,4,0.062
Phe,DLY,15,DLY15,5,0.0447
Phe,DLY,15,DLY15,6,0.0624
Phe,DLY,15,DLY15,7,0.0671
Phe,DLY,15,DLY15,8,0.0639
Phe,TFB,15,TFB15,1,0.0695
Phe,TFB,15,TFB15,2,0.0792
Phe,TFB,15,TFB15,3,0.0711
Phe,TFB,15,TFB15,4,0.0723
Phe,TFB,15,TFB15,5,0.0711
Phe,TFB,15,TFB15,6,0.1044
Phe,TFB,15,TFB15,7,0.0564
Phe,TFB,15,TFB15,8,0.0558
Lys,DLY,15,DLY15,1,0.1032
Lys,DLY,15,DLY15,2,0.1128
Lys,DLY,15,DLY15,3,0.1034
Lys,DLY,15,DLY15,4,0.154
Lys,DLY,15,DLY15,5,0.0965
Lys,DLY,15,DLY15,6,0.1721
Lys,DLY,15,DLY15,7,0.122
Lys,DLY,15,DLY15,8,0.1071
Lys,TFB,15,TFB15,1,0.2438
Lys,TFB,15,TFB15,2,0.27855
Lys,TFB,15,TFB15,3,0.24495
Lys,TFB,15,TFB15,4,0.3219
Lys,TFB,15,TFB15,5,0.25785
Lys,TFB,15,TFB15,6,0.4197
Lys,TFB,15,TFB15,7,0.24855
Lys,TFB,15,TFB15,8,0.2115
His,DLY,15,DLY15,1,0.036
His,DLY,15,DLY15,2,0.0383
His,DLY,15,DLY15,3,0.0236
His,DLY,15,DLY15,4,0.041
His,DLY,15,DLY15,5,0.0192
His,DLY,15,DLY15,6,0.0215
His,DLY,15,DLY15,7,0.0266
His,DLY,15,DLY15,8,0.015
His,TFB,15,TFB15,1,0.0611
His,TFB,15,TFB15,2,0.06585
His,TFB,15,TFB15,3,0.0651
His,TFB,15,TFB15,4,0.0612
His,TFB,15,TFB15,5,0.0648
His,TFB,15,TFB15,6,0.06915
His,TFB,15,TFB15,7,0.0441
His,TFB,15,TFB15,8,0.0711
Arg,DLY,15,DLY15,1,0.069
Arg,DLY,15,DLY15,2,0.1259
Arg,DLY,15,DLY15,3,0.1085
Arg,DLY,15,DLY15,4,0.144
Arg,DLY,15,DLY15,5,0.0864
Arg,DLY,15,DLY15,6,0.1466
Arg,DLY,15,DLY15,7,0.1068
Arg,DLY,15,DLY15,8,0.1167
Arg,TFB,15,TFB15,1,0.1647
Arg,TFB,15,TFB15,2,0.10305
Arg,TFB,15,TFB15,3,0.1347
Arg,TFB,15,TFB15,4,0.13935
Arg,TFB,15,TFB15,5,0.1614
Arg,TFB,15,TFB15,6,0.21495
Arg,TFB,15,TFB15,7,0.0858
Arg,TFB,15,TFB15,8,0.1065
ALT,DLY,15,DLY15,1,60.08
ALT,DLY,15,DLY15,2,48.64
ALT,DLY,15,DLY15,3,71.64
ALT,DLY,15,DLY15,4,64.02
ALT,DLY,15,DLY15,5,67.18
ALT,DLY,15,DLY15,6,69.88
ALT,DLY,15,DLY15,7,77.33
ALT,DLY,15,DLY15,8,74.66
ALT,TFB,15,TFB15,1,71.84
ALT,TFB,15,TFB15,2,96.12
ALT,TFB,15,TFB15,3,53.73
ALT,TFB,15,TFB15,4,80.65
ALT,TFB,15,TFB15,5,72.1
ALT,TFB,15,TFB15,6,86.7
ALT,TFB,15,TFB15,7,70.86
AST,DLY,15,DLY15,1,36.11
AST,DLY,15,DLY15,2,50.01
AST,DLY,15,DLY15,3,38.2
AST,DLY,15,DLY15,4,48.47
AST,DLY,15,DLY15,5,39.29
AST,DLY,15,DLY15,6,23.05
AST,DLY,15,DLY15,7,54.75
AST,DLY,15,DLY15,8,38.05
AST,TFB,15,TFB15,1,50.45
AST,TFB,15,TFB15,2,56.27
AST,TFB,15,TFB15,3,27.45
AST,TFB,15,TFB15,4,34.72
AST,TFB,15,TFB15,5,45.46
AST,TFB,15,TFB15,6,50.66
AST,TFB,15,TFB15,7,42.19
ALT/AST,DLY,15,DLY15,1,1.66
ALT/AST,DLY,15,DLY15,2,0.97
ALT/AST,DLY,15,DLY15,3,1.88
ALT/AST,DLY,15,DLY15,4,1.32
ALT/AST,DLY,15,DLY15,5,1.71
ALT/AST,DLY,15,DLY15,6,1.41
ALT/AST,DLY,15,DLY15,7,1.96
ALT/AST,TFB,15,TFB15,1,1.42
ALT/AST,TFB,15,TFB15,2,1.71
ALT/AST,TFB,15,TFB15,3,1.96
ALT/AST,TFB,15,TFB15,4,2.32
ALT/AST,TFB,15,TFB15,5,1.59
ALT/AST,TFB,15,TFB15,6,0.86
ALT/AST,TFB,15,TFB15,7,1.4
CREA,DLY,15,DLY15,1,94.75
CREA,DLY,15,DLY15,2,92.96
CREA,DLY,15,DLY15,3,83.6
CREA,DLY,15,DLY15,4,96.61
CREA,DLY,15,DLY15,5,99.51
CREA,DLY,15,DLY15,6,117.37
CREA,DLY,15,DLY15,7,99.94
CREA,DLY,15,DLY15,8,86.63
CREA,TFB,15,TFB15,1,94.92
CREA,TFB,15,TFB15,2,77.97
CREA,TFB,15,TFB15,3,73.88
CREA,TFB,15,TFB15,4,72.38
CREA,TFB,15,TFB15,5,82.82
CREA,TFB,15,TFB15,6,76.47
CREA,TFB,15,TFB15,7,95.34
CREA,TFB,15,TFB15,8,109.03
GLU,DLY,15,DLY15,1,6.785
GLU,DLY,15,DLY15,2,6.238
GLU,DLY,15,DLY15,3,6.2
GLU,DLY,15,DLY15,4,6.292
GLU,DLY,15,DLY15,5,6.975
GLU,DLY,15,DLY15,6,5.889
GLU,DLY,15,DLY15,7,6.178
GLU,DLY,15,DLY15,8,7.63
GLU,TFB,15,TFB15,1,6.906
GLU,TFB,15,TFB15,2,6.318
GLU,TFB,15,TFB15,3,5.954
GLU,TFB,15,TFB15,4,6.552
GLU,TFB,15,TFB15,5,8.347
GLU,TFB,15,TFB15,6,7.892
GLU,TFB,15,TFB15,7,6.961
GLU,TFB,15,TFB15,8,5.61
TG,DLY,15,DLY15,1,0.526
TG,DLY,15,DLY15,2,0.693
TG,DLY,15,DLY15,3,1.143
TG,DLY,15,DLY15,4,0.862
TG,DLY,15,DLY15,5,0.687
TG,DLY,15,DLY15,6,0.745
TG,DLY,15,DLY15,7,1.126
TG,DLY,15,DLY15,8,0.929
TG,TFB,15,TFB15,1,0.888
TG,TFB,15,TFB15,2,0.701
TG,TFB,15,TFB15,3,0.25
TG,TFB,15,TFB15,4,0.54
TG,TFB,15,TFB15,5,0.676
TG,TFB,15,TFB15,6,0.472
TG,TFB,15,TFB15,7,0.888
TG,TFB,15,TFB15,8,0.531
TC,DLY,15,DLY15,1,0.786
TC,DLY,15,DLY15,2,1.325
TC,DLY,15,DLY15,3,0.717
TC,DLY,15,DLY15,4,1.17
TC,DLY,15,DLY15,5,0.966
TC,DLY,15,DLY15,6,1.092
TC,DLY,15,DLY15,7,0.672
TC,TFB,15,TFB15,1,3.722
TC,TFB,15,TFB15,2,3.858
TC,TFB,15,TFB15,3,2.866
TC,TFB,15,TFB15,4,3.199
TC,TFB,15,TFB15,5,4.122
TC,TFB,15,TFB15,6,3.36
TC,TFB,15,TFB15,7,3.773
TC,TFB,15,TFB15,8,4.867
TP,DLY,15,DLY15,1,43.375
TP,DLY,15,DLY15,2,44.668
TP,DLY,15,DLY15,3,41.353
TP,DLY,15,DLY15,4,53.175
TP,DLY,15,DLY15,5,48.242
TP,DLY,15,DLY15,6,58.4
TP,DLY,15,DLY15,7,49.133
TP,DLY,15,DLY15,8,48.947
TP,TFB,15,TFB15,1,62.325
TP,TFB,15,TFB15,2,62.2
TP,TFB,15,TFB15,3,53.103
TP,TFB,15,TFB15,4,56.569
TP,TFB,15,TFB15,5,49.436
TP,TFB,15,TFB15,6,58.125
TP,TFB,15,TFB15,7,63.36
TP,TFB,15,TFB15,8,58.85
Urea,DLY,45,DLY45,1,3.2175
Urea,DLY,45,DLY45,2,1.72305
Urea,DLY,45,DLY45,3,2.17905
Urea,DLY,45,DLY45,4,1.86705
Urea,DLY,45,DLY45,5,2.8581
Urea,DLY,45,DLY45,6,1.76535
Urea,DLY,45,DLY45,7,2.04945
Urea,DLY,45,DLY45,8,2.7477
Urea,TFB,45,TFB45,1,4.75425
Urea,TFB,45,TFB45,2,4.66665
Urea,TFB,45,TFB45,3,3.7698
Urea,TFB,45,TFB45,4,5.41935
Urea,TFB,45,TFB45,5,5.30805
Urea,TFB,45,TFB45,6,6.1743
Urea,TFB,45,TFB45,7,5.085
Urea,TFB,45,TFB45,8,4.97895
Thr,DLY,45,DLY45,1,0.1038
Thr,DLY,45,DLY45,2,0.13335
Thr,DLY,45,DLY45,3,0.1398
Thr,DLY,45,DLY45,4,0.1554
Thr,DLY,45,DLY45,5,0.1617
Thr,DLY,45,DLY45,6,0.20715
Thr,DLY,45,DLY45,7,0.15705
Thr,DLY,45,DLY45,8,0.17205
Thr,TFB,45,TFB45,1,0.2661
Thr,TFB,45,TFB45,2,0.1707
Thr,TFB,45,TFB45,3,0.20595
Thr,TFB,45,TFB45,4,0.26325
Thr,TFB,45,TFB45,5,0.1752
Thr,TFB,45,TFB45,6,0.1986
Thr,TFB,45,TFB45,7,0.2235
Thr,TFB,45,TFB45,8,0.19575
Ser,DLY,45,DLY45,1,0.1473
Ser,DLY,45,DLY45,2,0.1362
Ser,DLY,45,DLY45,3,0.1698
Ser,DLY,45,DLY45,4,0.1995
Ser,DLY,45,DLY45,5,0.20595
Ser,DLY,45,DLY45,6,0.1488
Ser,DLY,45,DLY45,7,0.15015
Ser,DLY,45,DLY45,8,0.201
Ser,TFB,45,TFB45,1,0.1665
Ser,TFB,45,TFB45,2,0.14475
Ser,TFB,45,TFB45,3,0.14175
Ser,TFB,45,TFB45,4,0.19845
Ser,TFB,45,TFB45,5,0.14145
Ser,TFB,45,TFB45,6,0.18435
Ser,TFB,45,TFB45,7,0.17745
Ser,TFB,45,TFB45,8,0.159
Glu,DLY,45,DLY45,1,0.4488
Glu,DLY,45,DLY45,2,0.276
Glu,DLY,45,DLY45,3,0.39735
Glu,DLY,45,DLY45,4,0.28125
Glu,DLY,45,DLY45,5,0.3621
Glu,DLY,45,DLY45,6,0.264
Glu,DLY,45,DLY45,7,0.3138
Glu,DLY,45,DLY45,8,0.3528
Glu,TFB,45,TFB45,1,0.261
Glu,TFB,45,TFB45,2,0.13665
Glu,TFB,45,TFB45,3,0.2943
Glu,TFB,45,TFB45,4,0.18645
Glu,TFB,45,TFB45,5,0.2247
Glu,TFB,45,TFB45,6,0.2901
Glu,TFB,45,TFB45,7,0.26115
Glu,TFB,45,TFB45,8,0.27015
a-AAA,DLY,45,DLY45,1,0.10845
a-AAA,DLY,45,DLY45,2,0.05655
a-AAA,DLY,45,DLY45,3,0.11265
a-AAA,DLY,45,DLY45,4,0.00375
a-AAA,DLY,45,DLY45,5,0.10875
a-AAA,DLY,45,DLY45,6,0.0789
a-AAA,DLY,45,DLY45,7,0.08325
a-AAA,DLY,45,DLY45,8,0.09315
Gly,TFB,45,TFB45,1,1.0356
Gly,TFB,45,TFB45,2,1.13115
Gly,TFB,45,TFB45,3,1.11435
Gly,TFB,45,TFB45,4,1.23495
Gly,TFB,45,TFB45,5,0.84405
Gly,TFB,45,TFB45,6,1.11765
Gly,TFB,45,TFB45,7,1.06635
Gly,TFB,45,TFB45,8,1.0308
Gly,DLY,45,DLY45,1,1.4277
Gly,DLY,45,DLY45,2,1.24455
Gly,DLY,45,DLY45,3,1.2039
Gly,DLY,45,DLY45,4,1.77405
Gly,DLY,45,DLY45,5,1.3164
Gly,DLY,45,DLY45,6,1.22025
Gly,DLY,45,DLY45,7,1.2747
Gly,DLY,45,DLY45,8,1.43715
Ala,TFB,45,TFB45,1,0.4821
Ala,TFB,45,TFB45,2,0.41085
Ala,TFB,45,TFB45,3,0.42975
Ala,TFB,45,TFB45,4,0.5187
Ala,TFB,45,TFB45,5,0.42675
Ala,TFB,45,TFB45,6,0.4758
Ala,TFB,45,TFB45,7,0.4788
Ala,TFB,45,TFB45,8,0.53265
Ala,DLY,45,DLY45,1,0.66555
Ala,DLY,45,DLY45,2,0.5865
Ala,DLY,45,DLY45,3,0.6186
Ala,DLY,45,DLY45,4,0.48075
Ala,DLY,45,DLY45,5,0.56325
Ala,DLY,45,DLY45,6,0.44595
Ala,DLY,45,DLY45,7,0.5265
Ala,DLY,45,DLY45,8,0.60315
Val,TFB,45,TFB45,1,0.3144
Val,TFB,45,TFB45,2,0.31185
Val,TFB,45,TFB45,3,0.30555
Val,TFB,45,TFB45,4,0.3318
Val,TFB,45,TFB45,5,0.26955
Val,TFB,45,TFB45,6,0.3789
Val,TFB,45,TFB45,7,0.30915
Val,TFB,45,TFB45,8,0.30405
Val,DLY,45,DLY45,1,0.2349
Val,DLY,45,DLY45,2,0.189
Val,DLY,45,DLY45,3,0.22035
Val,DLY,45,DLY45,4,0.2439
Val,DLY,45,DLY45,5,0.26085
Val,DLY,45,DLY45,6,0.19755
Val,DLY,45,DLY45,7,0.1791
Val,DLY,45,DLY45,8,0.20325
Cys,TFB,45,TFB45,1,0.0012
Cys,TFB,45,TFB45,2,0.0033
Cys,TFB,45,TFB45,3,0.01065
Cys,TFB,45,TFB45,4,0.00135
Cys,TFB,45,TFB45,5,0.0009
Cys,TFB,45,TFB45,6,0.0045
Cys,TFB,45,TFB45,7,0.00135
Cys,TFB,45,TFB45,8,0.0045
Cys,DLY,45,DLY45,1,0.0027
Cys,DLY,45,DLY45,2,0.00165
Cys,DLY,45,DLY45,3,0.01515
Cys,DLY,45,DLY45,4,0.02835
Cys,DLY,45,DLY45,5,0.00885
Cys,DLY,45,DLY45,6,0.00225
Cys,DLY,45,DLY45,7,0.00165
Cys,DLY,45,DLY45,8,0.01065
Met,TFB,45,TFB45,1,0.0165
Met,TFB,45,TFB45,2,0.02295
Met,TFB,45,TFB45,3,0.0348
Met,TFB,45,TFB45,4,0.0399
Met,TFB,45,TFB45,5,0.02085
Met,TFB,45,TFB45,6,0.02205
Met,TFB,45,TFB45,7,0.0255
Met,TFB,45,TFB45,8,0.02475
Met,DLY,45,DLY45,1,0.0393
Met,DLY,45,DLY45,2,0.02985
Met,DLY,45,DLY45,3,0.06915
Met,DLY,45,DLY45,4,0.0669
Met,DLY,45,DLY45,5,0.03495
Met,DLY,45,DLY45,6,0.0267
Met,DLY,45,DLY45,7,0.021
Met,DLY,45,DLY45,8,0.0336
Ile,TFB,45,TFB45,1,0.1092
Ile,TFB,45,TFB45,2,0.10965
Ile,TFB,45,TFB45,3,0.12075
Ile,TFB,45,TFB45,4,0.1176
Ile,TFB,45,TFB45,5,0.08475
Ile,TFB,45,TFB45,6,0.1317
Ile,TFB,45,TFB45,7,0.10425
Ile,TFB,45,TFB45,8,0.1101
Ile,DLY,45,DLY45,1,0.0912
Ile,DLY,45,DLY45,2,0.05895
Ile,DLY,45,DLY45,3,0.0705
Ile,DLY,45,DLY45,4,0.08505
Ile,DLY,45,DLY45,5,0.0936
Ile,DLY,45,DLY45,6,0.0738
Ile,DLY,45,DLY45,7,0.05775
Ile,DLY,45,DLY45,8,0.0828
Leu,TFB,45,TFB45,1,0.2451
Leu,TFB,45,TFB45,2,0.21
Leu,TFB,45,TFB45,3,0.22395
Leu,TFB,45,TFB45,4,0.26295
Leu,TFB,45,TFB45,5,0.19845
Leu,TFB,45,TFB45,6,0.26385
Leu,TFB,45,TFB45,7,0.2151
Leu,TFB,45,TFB45,8,0.2091
Leu,DLY,45,DLY45,1,0.2448
Leu,DLY,45,DLY45,2,0.19095
Leu,DLY,45,DLY45,3,0.1881
Leu,DLY,45,DLY45,4,0.2433
Leu,DLY,45,DLY45,5,0.28185
Leu,DLY,45,DLY45,6,0.17745
Leu,DLY,45,DLY45,7,0.2073
Leu,DLY,45,DLY45,8,0.25365
Tyr,TFB,45,TFB45,1,0.10845
Tyr,TFB,45,TFB45,2,0.0771
Tyr,TFB,45,TFB45,3,0.0888
Tyr,TFB,45,TFB45,4,0.11835
Tyr,TFB,45,TFB45,5,0.09495
Tyr,TFB,45,TFB45,6,0.11775
Tyr,TFB,45,TFB45,7,0.12105
Tyr,TFB,45,TFB45,8,0.11325
Tyr,DLY,45,DLY45,1,0.08595
Tyr,DLY,45,DLY45,2,0.0729
Tyr,DLY,45,DLY45,3,0.08895
Tyr,DLY,45,DLY45,4,0.0831
Tyr,DLY,45,DLY45,5,0.0888
Tyr,DLY,45,DLY45,6,0.0804
Tyr,DLY,45,DLY45,7,0.0627
Tyr,DLY,45,DLY45,8,0.09405
Phe,TFB,45,TFB45,1,0.08115
Phe,TFB,45,TFB45,2,0.07305
Phe,TFB,45,TFB45,3,0.07965
Phe,TFB,45,TFB45,4,0.1047
Phe,TFB,45,TFB45,5,0.07845
Phe,TFB,45,TFB45,6,0.09135
Phe,TFB,45,TFB45,7,0.07875
Phe,TFB,45,TFB45,8,0.066
Phe,DLY,45,DLY45,1,0.08625
Phe,DLY,45,DLY45,2,0.05085
Phe,DLY,45,DLY45,3,0.0756
Phe,DLY,45,DLY45,4,0.0855
Phe,DLY,45,DLY45,5,0.10215
Phe,DLY,45,DLY45,6,0.06135
Phe,DLY,45,DLY45,7,0.0621
Phe,DLY,45,DLY45,8,0.0675
Lys,TFB,45,TFB45,1,0.17655
Lys,TFB,45,TFB45,2,0.1428
Lys,TFB,45,TFB45,3,0.213
Lys,TFB,45,TFB45,4,0.0264
Lys,TFB,45,TFB45,5,0.12615
Lys,TFB,45,TFB45,6,0.1629
Lys,TFB,45,TFB45,7,0.1401
Lys,TFB,45,TFB45,8,0.14775
Lys,DLY,45,DLY45,1,0.18465
Lys,DLY,45,DLY45,2,0.1344
Lys,DLY,45,DLY45,3,0.1308
Lys,DLY,45,DLY45,4,0.1356
Lys,DLY,45,DLY45,5,0.21105
Lys,DLY,45,DLY45,6,0.11895
Lys,DLY,45,DLY45,7,0.11205
Lys,DLY,45,DLY45,8,0.15795
His,TFB,45,TFB45,1,0.09645
His,TFB,45,TFB45,2,0.07215
His,TFB,45,TFB45,3,0.07035
His,TFB,45,TFB45,4,0.0153
His,TFB,45,TFB45,5,0.07425
His,TFB,45,TFB45,6,0.1002
His,TFB,45,TFB45,7,0.07695
His,TFB,45,TFB45,8,0.0834
His,DLY,45,DLY45,1,0.042
His,DLY,45,DLY45,2,0.03615
His,DLY,45,DLY45,3,0.05655
His,DLY,45,DLY45,4,0.0609
His,DLY,45,DLY45,5,0.0618
His,DLY,45,DLY45,6,0.0351
His,DLY,45,DLY45,7,0.0486
His,DLY,45,DLY45,8,0.05535
Arg,TFB,45,TFB45,1,0.1881
Arg,TFB,45,TFB45,2,0.15105
Arg,TFB,45,TFB45,3,0.2133
Arg,TFB,45,TFB45,4,0.13935
Arg,TFB,45,TFB45,5,0.17895
Arg,TFB,45,TFB45,6,0.22395
Arg,TFB,45,TFB45,7,0.17985
Arg,TFB,45,TFB45,8,0.20955
Arg,DLY,45,DLY45,1,0.1218
Arg,DLY,45,DLY45,2,0.1386
Arg,DLY,45,DLY45,3,0.1569
Arg,DLY,45,DLY45,4,0.2007
Arg,DLY,45,DLY45,5,0.1995
Arg,DLY,45,DLY45,6,0.1722
Arg,DLY,45,DLY45,7,0.14535
Arg,DLY,45,DLY45,8,0.1572
AST,TFB,45,TFB45,1,16.22
AST,TFB,45,TFB45,2,28.73
AST,TFB,45,TFB45,3,38.12
AST,TFB,45,TFB45,4,29.14
AST,TFB,45,TFB45,5,16.15
AST,TFB,45,TFB45,6,33.85
AST,TFB,45,TFB45,7,17.76
AST,TFB,45,TFB45,8,23.5
AST,DLY,45,DLY45,1,16.49
AST,DLY,45,DLY45,2,24.73
AST,DLY,45,DLY45,3,14.31
AST,DLY,45,DLY45,4,27.0
AST,DLY,45,DLY45,5,23.56
AST,DLY,45,DLY45,6,14.38
AST,DLY,45,DLY45,7,27.1
ALT/AST,TFB,45,TFB45,1,5.14
ALT/AST,TFB,45,TFB45,2,3.02
ALT/AST,TFB,45,TFB45,3,3.59
ALT/AST,TFB,45,TFB45,4,5.67
ALT/AST,TFB,45,TFB45,5,2.38
ALT/AST,TFB,45,TFB45,6,5.01
ALT/AST,TFB,45,TFB45,7,4.34
ALT/AST,DLY,45,DLY45,1,4.77
ALT/AST,DLY,45,DLY45,2,2.29
ALT/AST,DLY,45,DLY45,3,4.22
ALT/AST,DLY,45,DLY45,4,6.15
ALT/AST,DLY,45,DLY45,5,4.42
ALT/AST,DLY,45,DLY45,6,4.43
ALT/AST,DLY,45,DLY45,7,5.5
ALT/AST,DLY,45,DLY45,8,3.97
CREA,TFB,45,TFB45,1,87.13
CREA,TFB,45,TFB45,2,94.9
CREA,TFB,45,TFB45,3,92.19
CREA,TFB,45,TFB45,4,109.61
CREA,TFB,45,TFB45,5,86.48
CREA,TFB,45,TFB45,6,105.02
CREA,TFB,45,TFB45,7,97.98
CREA,TFB,45,TFB45,8,103.91
CREA,DLY,45,DLY45,1,123.47
CREA,DLY,45,DLY45,2,105.77
CREA,DLY,45,DLY45,3,121.16
CREA,DLY,45,DLY45,4,104.97
CREA,DLY,45,DLY45,5,130.29
CREA,DLY,45,DLY45,6,129.01
CREA,DLY,45,DLY45,7,94.43
CREA,DLY,45,DLY45,8,125.78
GLU,TFB,45,TFB45,1,5.27
GLU,TFB,45,TFB45,2,4.4
GLU,TFB,45,TFB45,3,3.709
GLU,TFB,45,TFB45,4,5.272
GLU,TFB,45,TFB45,5,5.087
GLU,TFB,45,TFB45,6,5.166
GLU,TFB,45,TFB45,7,5.696
GLU,TFB,45,TFB45,8,5.737
GLU,DLY,45,DLY45,1,4.9
GLU,DLY,45,DLY45,2,6.876
GLU,DLY,45,DLY45,3,5.138
GLU,DLY,45,DLY45,4,6.47
GLU,DLY,45,DLY45,5,7.417
GLU,DLY,45,DLY45,6,5.072
GLU,DLY,45,DLY45,7,4.961
GLU,DLY,45,DLY45,8,6.579
TG,TFB,45,TFB45,1,0.265
TG,TFB,45,TFB45,2,0.648
TG,TFB,45,TFB45,3,0.406
TG,TFB,45,TFB45,4,0.346
TG,TFB,45,TFB45,5,0.356
TG,TFB,45,TFB45,6,0.436
TG,TFB,45,TFB45,7,0.208
TG,TFB,45,TFB45,8,0.281
TG,DLY,45,DLY45,1,0.689
TG,DLY,45,DLY45,2,0.504
TG,DLY,45,DLY45,3,0.601
TG,DLY,45,DLY45,4,0.446
TG,DLY,45,DLY45,5,0.629
TG,DLY,45,DLY45,6,0.374
TG,DLY,45,DLY45,7,0.466
TG,DLY,45,DLY45,8,0.699
TC,TFB,45,TFB45,1,5.111
TC,TFB,45,TFB45,2,5.11
TC,TFB,45,TFB45,3,3.919
TC,TFB,45,TFB45,4,6.404
TC,TFB,45,TFB45,5,6.131
TC,TFB,45,TFB45,6,6.526
TC,TFB,45,TFB45,7,4.801
TC,TFB,45,TFB45,8,5.607
TC,DLY,45,DLY45,1,1.742
TC,DLY,45,DLY45,2,2.209
TC,DLY,45,DLY45,3,1.836
TC,DLY,45,DLY45,4,3.463
TC,DLY,45,DLY45,5,2.099
TC,DLY,45,DLY45,6,1.706
TC,DLY,45,DLY45,7,2.915
TP,TFB,45,TFB45,1,61.706
TP,TFB,45,TFB45,2,57.38
TP,TFB,45,TFB45,3,58.199
TP,TFB,45,TFB45,4,62.521
TP,TFB,45,TFB45,5,61.564
TP,TFB,45,TFB45,6,57.574
TP,TFB,45,TFB45,7,61.315
TP,TFB,45,TFB45,8,58.854
TP,DLY,45,DLY45,1,54.993
TP,DLY,45,DLY45,2,53.44
TP,DLY,45,DLY45,3,52.679
TP,DLY,45,DLY45,4,57.353
TP,DLY,45,DLY45,5,61.414
TP,DLY,45,DLY45,6,60.869
TP,DLY,45,DLY45,7,51.345
Tau,DLY,75,DLYM75,1,0.16965
Urea,DLY,75,DLYM75,1,2.7072
Asp,DLY,75,DLYM75,1,0.0294
Thr,DLY,75,DLYM75,1,0.1674
Ser,DLY,75,DLYM75,1,0.1227
Glu,DLY,75,DLYM75,1,0.30135
Sar,DLY,75,DLYM75,1,0.0225
Gly,DLY,75,DLYM75,1,1.1538
Ala,DLY,75,DLYM75,1,0.42645
Val,DLY,75,DLYM75,1,0.25905
Cys,DLY,75,DLYM75,1,0.0051
Met,DLY,75,DLYM75,1,0.03495
Ile,DLY,75,DLYM75,1,0.08385
Leu,DLY,75,DLYM75,1,0.19155
Tyr,DLY,75,DLYM75,1,0.07665
Phe,DLY,75,DLYM75,1,0.0726
b-Ala,DLY,75,DLYM75,1,0.0075
Trp,DLY,75,DLYM75,1,0.0111
Lys,DLY,75,DLYM75,1,0.15855
His,DLY,75,DLYM75,1,0.0813
Arg,DLY,75,DLYM75,1,0.1659
Tau,TFB,75,TFBM75,1,0.14115
Urea,TFB,75,TFBM75,1,2.71095
Asp,TFB,75,TFBM75,1,0.02805
Thr,TFB,75,TFBM75,1,0.21915
Ser,TFB,75,TFBM75,1,0.126
Glu,TFB,75,TFBM75,1,0.25575
Sar,TFB,75,TFBM75,1,0.0018
Gly,TFB,75,TFBM75,1,0.95715
Ala,TFB,75,TFBM75,1,0.4554
Val,TFB,75,TFBM75,1,0.2553
Cys,TFB,75,TFBM75,1,0.0042
Met,TFB,75,TFBM75,1,0.02115
Ile,TFB,75,TFBM75,1,0.0837
Leu,TFB,75,TFBM75,1,0.19545
Tyr,TFB,75,TFBM75,1,0.08475
Phe,TFB,75,TFBM75,1,0.0729
b-Ala,TFB,75,TFBM75,1,0.01605
Trp,TFB,75,TFBM75,1,0.00255
Lys,TFB,75,TFBM75,1,0.1542
His,TFB,75,TFBM75,1,0.0594
Arg,TFB,75,TFBM75,1,0.1677
Tau,DLY,105,DLYM105,1,0.16305
Urea,DLY,105,DLYM105,1,2.6205
Asp,DLY,105,DLYM105,1,0.03795
Thr,DLY,105,DLYM105,1,0.1659
Ser,DLY,105,DLYM105,1,0.15315
Glu,DLY,105,DLYM105,1,0.2931
Sar,DLY,105,DLYM105,1,0.00045
Gly,DLY,105,DLYM105,1,1.04895
Ala,DLY,105,DLYM105,1,0.55125
Val,DLY,105,DLYM105,1,0.2667
Cys,DLY,105,DLYM105,1,0.01425
Met,DLY,105,DLYM105,1,0.0471
Ile,DLY,105,DLYM105,1,0.0876
Leu,DLY,105,DLYM105,1,0.19755
Tyr,DLY,105,DLYM105,1,0.0588
Phe,DLY,105,DLYM105,1,0.08775
b-Ala,DLY,105,DLYM105,1,0.0117
Trp,DLY,105,DLYM105,1,0.00645
Lys,DLY,105,DLYM105,1,0.1242
His,DLY,105,DLYM105,1,0.0603
Arg,DLY,105,DLYM105,1,0.1353
Tau,TFB,105,TFBM105,1,0.2667
Urea,TFB,105,TFBM105,1,6.0807
Asp,TFB,105,TFBM105,1,0.0555
Thr,TFB,105,TFBM105,1,0.37185
Ser,TFB,105,TFBM105,1,0.237
Glu,TFB,105,TFBM105,1,0.36825
Sar,TFB,105,TFBM105,1,0.00765
Gly,TFB,105,TFBM105,1,1.6503
Ala,TFB,105,TFBM105,1,0.7626
Val,TFB,105,TFBM105,1,0.49875
Cys,TFB,105,TFBM105,1,0.0117
Met,TFB,105,TFBM105,1,0.05145
Ile,TFB,105,TFBM105,1,0.1656
Leu,TFB,105,TFBM105,1,0.3261
Tyr,TFB,105,TFBM105,1,0.114
Phe,TFB,105,TFBM105,1,0.1233
b-Ala,TFB,105,TFBM105,1,0.0108
Trp,TFB,105,TFBM105,1,0.01395
Lys,TFB,105,TFBM105,1,0.3894
His,TFB,105,TFBM105,1,0.12165
Arg,TFB,105,TFBM105,1,0.2559
