metabolite,breed,stage_kg,group,mean,sd,n
ALT,DLY,15,DLY15,66.67875,9.16726854084683,8
ALT,TFB,15,TFB15,76.0,13.514282568206623,7
ALT/AST,DLY,15,DLY15,1.5585714285714285,0.3471516753730071,7
ALT/AST,DLY,45,DLY45,4.46875,1.1365541593531112,8
ALT/AST,TFB,15,TFB15,1.6085714285714285,0.46182350782626075,7
ALT/AST,TFB,45,TFB45,4.164285714285714,1.2102459411604065,7
AST,DLY,15,DLY15,40.99125,9.939992005601844,8
AST,DLY,45,DLY45,21.08142857142857,5.810202029107733,7
AST,TFB,15,TFB15,43.885714285714286,10.015389586602637,7
AST,TFB,45,TFB45,25.43375,8.367307021121807,8
Ala,DLY,15,DLY15,0.6349875,0.1289530417023411,8
Ala,DLY,45,DLY45,0.56128125,0.07323794848447274,8
Ala,DLY,75,DLYM75,0.42645,,1
Ala,DLY,105,DLYM105,0.55125,,1
Ala,TFB,15,TFB15,0.67175625,0.1256719437876137,8
Ala,TFB,45,TFB45,0.469425,0.04398198494838541,8
Ala,TFB,75,TFBM75,0.4554,,1
Ala,TFB,105,TFBM105,0.7626,,1
Arg,DLY,15,DLY15,0.1129875,0.026652013459184866,8
Arg,DLY,45,DLY45,0.16153125000000002,0.028020642104144785,8
Arg,DLY,75,DLYM75,0.1659,,1
Arg,DLY,105,DLYM105,0.1353,,1
Arg,TFB,15,TFB15,0.13880625,0.04162392373125958,8
Arg,TFB,45,TFB45,0.1855125,0.029827728590309098,8
Arg,TFB,75,TFBM75,0.1677,,1
Arg,TFB,105,TFBM105,0.2559,,1
Asp,DLY,75,DLYM75,0.0294,,1
Asp,DLY,105,DLYM105,0.03795,,1
Asp,TFB,75,TFBM75,0.02805,,1
Asp,TFB,105,TFBM105,0.0555,,1
CREA,DLY,15,DLY15,96.42125,10.252763303477895,8
CREA,DLY,45,DLY45,116.86,13.294472535606666,8
CREA,TFB,15,TFB15,85.35125,13.047325327985265,8
CREA,TFB,45,TFB45,97.1525,8.51459545218008,8
Cys,DLY,15,DLY15,0.0210125,0.009065072295039115,8
Cys,DLY,45,DLY45,0.008906250000000001,0.00932138238904816,8
Cys,DLY,75,DLYM75,0.0051,,1
Cys,DLY,105,DLYM105,0.01425,,1
Cys,TFB,15,TFB15,0.0042,0.0049216721896990605,8
Cys,TFB,45,TFB45,0.00346875,0.003261237440429191,8
Cys,TFB,75,TFBM75,0.0042,,1
Cys,TFB,105,TFBM105,0.0117,,1
GLU,DLY,15,DLY15,6.523375,0.5679904268559459,8
GLU,DLY,45,DLY45,5.926625,1.0129224956248415,8
GLU,TFB,15,TFB15,6.8175,0.9293641451474842,8
GLU,TFB,45,TFB45,5.042125,0.6784519011270119,8
Glu,DLY,15,DLY15,0.315025,0.05800871239982588,8
Glu,DLY,45,DLY45,0.3370125,0.06515620105342455,8
Glu,DLY,75,DLYM75,0.30135,,1
Glu,DLY,105,DLYM105,0.2931,,1
Glu,TFB,15,TFB15,0.30703749999999996,0.09754553423914392,8
Glu,TFB,45,TFB45,0.2405625,0.05481948135210955,8
Glu,TFB,75,TFBM75,0.25575,,1
Glu,TFB,105,TFBM105,0.36825,,1
Gly,DLY,15,DLY15,1.0485375000000001,0.1657189698383553,8
Gly,DLY,45,DLY45,1.3623375,0.1883507854851079,8
Gly,DLY,75,DLYM75,1.1538,,1
Gly,DLY,105,DLYM105,1.04895,,1
Gly,TFB,15,TFB15,1.05116875,0.16305459413841383,8
Gly,TFB,45,TFB45,1.0718625,0.11272231605016943,8
Gly,TFB,75,TFBM75,0.95715,,1
Gly,TFB,105,TFBM105,1.6503,,1
His,DLY,15,DLY15,0.027649999999999997,0.009622295538413452,8
His,DLY,45,DLY45,0.04955625,0.010742387254636256,8
His,DLY,75,DLYM75,0.0813,,1
His,DLY,105,DLYM105,0.0603,,1
His,TFB,15,TFB15,0.0628,0.008306150905030733,8
His,TFB,45,TFB45,0.07363125,0.02604642746958921,8
His,TFB,75,TFBM75,0.0594,,1
His,TFB,105,TFBM105,0.12165,,1
Ile,DLY,15,DLY15,0.0658375,0.02305719209146806,8
Ile,DLY,45,DLY45,0.07670625,0.013751920320449794,8
Ile,DLY,75,DLYM75,0.08385,,1
Ile,DLY,105,DLYM105,0.0876,,1
Ile,TFB,15,TFB15,0.1077625,0.025587521372731667,8
Ile,TFB,45,TFB45,0.111,0.013667531912215482,8
Ile,TFB,75,TFBM75,0.0837,,1
Ile,TFB,105,TFBM105,0.1656,,1
Leu,DLY,15,DLY15,0.12535,0.013910838528695122,8
Leu,DLY,45,DLY45,0.22342499999999998,0.037521679447639705,8
Leu,DLY,75,DLYM75,0.19155,,1
Leu,DLY,105,DLYM105,0.19755,,1
Leu,TFB,15,TFB15,0.1886625,0.043871694014640986,8
Leu,TFB,45,TFB45,0.2285625,0.025449750910933714,8
Leu,TFB,75,TFBM75,0.19545,,1
Leu,TFB,105,TFBM105,0.3261,,1
Lys,DLY,15,DLY15,0.1213875,0.027222125323766642,8
Lys,DLY,45,DLY45,0.14818125,0.03420135688097769,8
Lys,DLY,75,DLYM75,0.15855,,1
Lys,DLY,105,DLYM105,0.1242,,1
Lys,TFB,15,TFB15,0.27835,0.06542491880010247,8
Lys,TFB,45,TFB45,0.14195625,0.053882666425033456,8
Lys,TFB,75,TFBM75,0.1542,,1
Lys,TFB,105,TFBM105,0.3894,,1
Met,DLY,15,DLY15,0.0412,0.01620167539837426,8
Met,DLY,45,DLY45,0.04018125,0.018051255150265864,8
Met,DLY,75,DLYM75,0.03495,,1
Met,DLY,105,DLYM105,0.0471,,1
Met,TFB,15,TFB15,0.0244125,0.011877702699957238,8
Met,TFB,45,TFB45,0.025912499999999998,0.007691170726414616,8
Met,TFB,75,TFBM75,0.02115,,1
Met,TFB,105,TFBM105,0.05145,,1
Phe,DLY,15,DLY15,0.0550375,0.010621802039740178,8
Phe,DLY,45,DLY45,0.0739125,0.016720555142868743,8
Phe,DLY,75,DLYM75,0.0726,,1
Phe,DLY,105,DLYM105,0.08775,,1
Phe,TFB,15,TFB15,0.072475,0.015182485209703223,8
Phe,TFB,45,TFB45,0.0816375,0.011754474831800378,8
Phe,TFB,75,TFBM75,0.0729,,1
Phe,TFB,105,TFBM105,0.1233,,1
Sar,DLY,75,DLYM75,0.0225,,1
Sar,DLY,105,DLYM105,0.00045,,1
Sar,TFB,75,TFBM75,0.0018,,1
Sar,TFB,105,TFBM105,0.00765,,1
Ser,DLY,15,DLY15,0.1304625,0.014648250748809556,8
Ser,DLY,45,DLY45,0.1698375,0.028346513391042858,8
Ser,DLY,75,DLYM75,0.1227,,1
Ser,DLY,105,DLYM105,0.15315,,1
Ser,TFB,15,TFB15,0.15775,0.030140788690031697,8
Ser,TFB,45,TFB45,0.16421249999999998,0.02133690213824732,8
Ser,TFB,75,TFBM75,0.126,,1
Ser,TFB,105,TFBM105,0.237,,1
TC,DLY,15,DLY15,0.9611428571428571,0.2473340713632937,7
TC,DLY,45,DLY45,2.2814285714285716,0.665401847793962,7
TC,TFB,15,TFB15,3.720875,0.612887880098333,8
TC,TFB,45,TFB45,5.451125,0.8905836669606867,8
TG,DLY,15,DLY15,0.838875,0.21864481144410577,8
TG,DLY,45,DLY45,0.5509999999999999,0.12030912564841335,8
TG,TFB,15,TFB15,0.61825,0.2159515487987327,8
TG,TFB,45,TFB45,0.36825,0.13568529765600987,8
TP,DLY,15,DLY15,48.411625,5.509727292642139,8
TP,DLY,45,DLY45,56.013285714285715,3.9814914590006647,7
TP,TFB,15,TFB15,57.996,4.857743273814058,8
TP,TFB,45,TFB45,59.889125,2.092491504505711,8
Tau,DLY,75,DLYM75,0.16965,,1
Tau,DLY,105,DLYM105,0.16305,,1
Tau,TFB,75,TFBM75,0.14115,,1
Tau,TFB,105,TFBM105,0.2667,,1
Thr,DLY,15,DLY15,0.3144625,0.14810548304213067,8
Thr,DLY,45,DLY45,0.1537875,0.030163882731315792,8
Thr,DLY,75,DLYM75,0.1674,,1
Thr,DLY,105,DLYM105,0.1659,,1
Thr,TFB,15,TFB15,0.27360625,0.06381176244851504,8
Thr,TFB,45,TFB45,0.21238125,0.03630154401970095,8
Thr,TFB,75,TFBM75,0.21915,,1
Thr,TFB,105,TFBM105,0.37185,,1
Trp,DLY,75,DLYM75,0.0111,,1
Trp,DLY,105,DLYM105,0.00645,,1
Trp,TFB,75,TFBM75,0.00255,,1
Trp,TFB,105,TFBM105,0.01395,,1
Tyr,DLY,15,DLY15,0.067625,0.013918204933518852,8
Tyr,DLY,45,DLY45,0.08210625,0.01010181870117597,8
Tyr,DLY,75,DLYM75,0.07665,,1
Tyr,DLY,105,DLYM105,0.0588,,1
Tyr,TFB,15,TFB15,0.0915,0.011022412232745223,8
Tyr,TFB,45,TFB45,0.1049625,0.01612537374982138,8
Tyr,TFB,75,TFBM75,0.08475,,1
Tyr,TFB,105,TFBM105,0.114,,1
Urea,DLY,15,DLY15,0.8063,0.30591895285236204,8
Urea,DLY,45,DLY45,2.30090625,0.5653421735282472,8
Urea,DLY,75,DLYM75,2.7072,,1
Urea,DLY,105,DLYM105,2.6205,,1
Urea,TFB,15,TFB15,3.15679375,0.6547593578873627,8
Urea,TFB,45,TFB45,5.0195437499999995,0.6906776669316986,8
Urea,TFB,75,TFBM75,2.71095,,1
Urea,TFB,105,TFBM105,6.0807,,1
Val,DLY,15,DLY15,0.1845,0.019614936000041255,8
Val,DLY,45,DLY45,0.2161125,0.02868433806103952,8
Val,DLY,75,DLYM75,0.25905,,1
Val,DLY,105,DLYM105,0.2667,,1
Val,TFB,15,TFB15,0.31065624999999997,0.04977249984752052,8
Val,TFB,45,TFB45,0.31565624999999997,0.03089479195014683,8
Val,TFB,75,TFBM75,0.2553,,1
Val,TFB,105,TFBM105,0.49875,,1
a-AAA,DLY,15,DLY15,0.0630625,0.03831508235296233,8
a-AAA,DLY,45,DLY45,0.08068125,0.03634543533434229,8
a-AAA,TFB,15,TFB15,0.06804375,0.04382640624017182,8
b-Ala,DLY,75,DLYM75,0.0075,,1
b-Ala,DLY,105,DLYM105,0.0117,,1
b-Ala,TFB,75,TFBM75,0.01605,,1
b-Ala,TFB,105,TFBM105,0.0108,,1
