,correlation,pvalue,abs_corr,Module,GS_PD
RCN1,0.9031240865629921,1.6639411282711624e-18,0.9031240865629921,lightcyan,0.753001074635463
NCALD,0.8849879235868798,7.046753540601327e-17,0.8849879235868798,green,0.693524665318472
P3H4,0.8821054564240979,1.2058744894798034e-16,0.8821054564240979,green,0.793986066094206
LAMA4,0.8805759321179936,1.5946052924962824e-16,0.8805759321179936,green,0.686639747244581
LAMB1,0.8725308505798326,6.528448396587198e-16,0.8725308505798326,green,0.714057474286798
MMP19,0.8708114753159539,8.715225491975496e-16,0.8708114753159539,green,0.70468457209481
RRBP1,0.8700057500199329,9.96462563695051e-16,0.8700057500199329,green,0.674331014017508
FSTL1,0.8644215053498674,2.4624502370745712e-15,0.8644215053498674,green,0.598799809837252
GPX7,0.863519943449214,2.8390150930350424e-15,0.863519943449214,lightcyan,0.809916038267539
EPB41L2,0.8586197671961999,6.047181530049443e-15,0.8586197671961999,green,0.652396456112092
OAF,0.8558476858815962,9.160700498386422e-15,0.8558476858815962,green,0.614318015527843
CAP1,0.8483325278095326,2.7079771335048298e-14,0.8483325278095326,green,0.58102234074321
MARCKSL1,0.8451064147775647,4.236428883913503e-14,0.8451064147775647,green,0.763426539754458
PTGFRN,0.8445759276050464,4.5555058063610686e-14,0.8445759276050464,green,0.645715678822548
ITM2C,0.8434076664707535,5.340432300566516e-14,0.8434076664707535,green,0.634303063648319
MMP14,0.8426283587918771,5.933610826495473e-14,0.8426283587918771,green,0.629984409923186
NID2,0.8403165074998047,8.083065268096496e-14,0.8403165074998047,green,0.662646852453898
CCDC80,0.8399354803503891,8.501582341909184e-14,0.8399354803503891,green,0.601622966139421
PDGFD,0.8393564921735688,9.177087238489877e-14,0.8393564921735688,green,0.656246283307872
EMILIN2,0.8386366311205256,1.0088046130893283e-13,0.8386366311205256,green,0.611279399522492
ENSSSCG00000038151,0.8368489172583436,1.2735597639564123e-13,0.8368489172583436,green,0.682888647700751
YWHAQ,0.8359249386759833,1.4350134376246768e-13,0.8359249386759833,green,0.648376840412207
CCDC69,0.8358699732792589,1.4452052436253306e-13,0.8358699732792589,green,0.8098913876268
IQGAP1,0.8356828809688959,1.4804131326133574e-13,0.8356828809688959,green,0.558331029093906
SLC15A3,0.8356675259896844,1.4833385304884732e-13,0.8356675259896844,greenyellow,0.670204752550488
COL4A1,0.8352848900047682,1.5580325981386681e-13,0.8352848900047682,green,0.756697786651759
CKAP4,0.8339635585210519,1.84433577319833e-13,0.8339635585210519,green,0.667510976696936
ARPC1B,0.8323161128788217,2.271404462299338e-13,0.8323161128788217,lightcyan,0.647411859891355
EMP3,0.8297035124735201,3.145998575457602e-13,0.8297035124735201,lightcyan,0.647699885647346
NEURL1B,0.8288315307142823,3.503022793433065e-13,0.8288315307142823,green,0.60573854659373
MFAP4,0.8269819646748253,4.3914163320167885e-13,0.8269819646748253,green,0.643617504147246
CCND2,0.8266867874247363,4.551593383865276e-13,0.8266867874247363,green,0.742858694372277
MCAM,0.8257743478403857,5.082462406701351e-13,0.8257743478403857,green,0.657482674534001
IFI30,0.8238535687864998,6.397826747812888e-13,0.8238535687864998,greenyellow,0.625838754014326
MOV10,0.8219345159202145,8.029817005502959e-13,0.8219345159202145,greenyellow,0.658849240161514
CNN3,0.8218599580103993,8.100568158807621e-13,0.8218599580103993,green,0.615647233902739
KCNJ8,0.8208233659853064,9.147495774543185e-13,0.8208233659853064,green,0.600021317600326
FYN,0.8189053410345011,1.1431118079580094e-12,0.8189053410345011,green,0.551524751957144
PRCP,0.8186058320114504,1.1833135057986643e-12,0.8186058320114504,green,0.616247442629209
ACTB,0.8176573923180669,1.3196356238641182e-12,0.8176573923180669,green,0.640247898349802
ENSSSCG00000006418,0.8137610221834839,2.0519422875246304e-12,0.8137610221834839,greenyellow,0.59951026990047
COL1A2,0.8137498375597743,2.0545135823201978e-12,0.8137498375597743,green,0.579252559179828
ARPC5,0.8123347846888394,2.4056209444670125e-12,0.8123347846888394,grey60,0.582633984673726
POSTN,0.811353825956425,2.6815714306148574e-12,0.811353825956425,green,0.560574296658876
ITGB2,0.80933949911333,3.3448929354746725e-12,0.80933949911333,lightcyan,0.57115595601195
ARHGDIB,0.8086408731507798,3.609202910879543e-12,0.8086408731507798,lightcyan,0.629945967816386
PHF11,0.8078489010494732,3.932702425344014e-12,0.8078489010494732,greenyellow,0.597025087548762
PRXL2B,0.8076525287556524,4.017058821516337e-12,0.8076525287556524,green,0.805675946039916
NID1,0.8072106224295839,4.213194457817522e-12,0.8072106224295839,green,0.605995403047232
FKBP10,0.8070128595787055,4.303873749760445e-12,0.8070128595787055,green,0.667394718418848
SPARC,0.8066286334787576,4.4853559000928945e-12,0.8066286334787576,green,0.63228293859091
ENSSSCG00000039860,0.8064016674662773,4.595936091627866e-12,0.8064016674662773,green,0.723012054173737
VCAM1,0.8059358163305805,4.831035219897025e-12,0.8059358163305805,lightcyan,0.577643834661606
CHODL,0.8055834925273158,5.0163495492787545e-12,0.8055834925273158,lightgreen,0.677709335233282
DAP,0.8053106854717326,5.164438397108908e-12,0.8053106854717326,green,0.641499203459834
CDKN1C,0.8050906981741544,5.286857355235173e-12,0.8050906981741544,green,0.793358718371152
PLVAP,0.8047819192488186,5.46332537125228e-12,0.8047819192488186,green,0.608652351227074
STMN1,0.8036712748704273,6.14523979171624e-12,0.8036712748704273,green,0.748368028794354
ARRB2,0.8032697545587049,6.4110076868368144e-12,0.8032697545587049,lightcyan,0.649695943966146
LOXL2,0.8029716158668592,6.615341240269059e-12,0.8029716158668592,green,0.673351848985485
FCER1G,0.8021355492172306,7.22171551285503e-12,0.8021355492172306,lightcyan,0.59496304498149
JAM3,0.8019041487819527,7.398611850506674e-12,0.8019041487819527,green,0.628816045195546
PLP2,0.8001682306123814,8.862501893564427e-12,0.8001682306123814,green,0.75338923673136
FADS1,0.7995622728719771,9.435081339471853e-12,0.7995622728719771,green,0.743662148361195
SLA-DQB1,0.7995490810477842,9.447927188719921e-12,0.7995490810477842,lightcyan,0.580059784624943
DPYSL2,0.7995027397341388,9.493184353866752e-12,0.7995027397341388,green,0.572174340709898
LTBP1,0.7988735651118877,1.0128287231272345e-11,0.7988735651118877,green,0.542283174035891
GIMAP4,0.7985408323649692,1.0480191024051699e-11,0.7985408323649692,lightcyan,0.544626251063207
TXNDC5,0.7971953099813606,1.2024655372571723e-11,0.7971953099813606,green,0.707579676528074
LHFPL6,0.7962362851029146,1.3254242849427004e-11,0.7962362851029146,lightgreen,0.52595680113309
S100A11,0.7961534450962067,1.3365854275327386e-11,0.7961534450962067,green,0.607400561146989
OLFML2B,0.7961467286959758,1.3374942202466465e-11,0.7961467286959758,green,0.615020386909825
KDR,0.7960952536978538,1.3444786967936284e-11,0.7960952536978538,green,0.588401127803002
EVA1B,0.7948609633187654,1.522655052491766e-11,0.7948609633187654,green,0.745494064483803
AIG1,0.7940577923332242,1.650344240800077e-11,0.7940577923332242,green,0.584444648764318
COL15A1,0.7940297991952325,1.654972149790593e-11,0.7940297991952325,green,0.655835166600291
NREP,0.7931224393727805,1.8117979990923194e-11,0.7931224393727805,green,0.823197413217882
SLC1A5,0.7905274323770313,2.341499731202849e-11,0.7905274323770313,green,0.556089326299645
CYBA,0.7888729141563771,2.7523180696510845e-11,0.7888729141563771,green,0.700720130114674
PLS3,0.7886615264872431,2.8094630456008865e-11,0.7886615264872431,green,0.494826391138378
PGRMC1,0.7885979005767625,2.82688150559799e-11,0.7885979005767625,green,0.599506021712744
COL21A1,0.7873976280024906,3.175224405658491e-11,0.7873976280024906,green,0.61158867302263
EZR,0.7859108974254481,3.6630224520029136e-11,0.7859108974254481,green,0.643006048714226
GLIPR2,0.7854049370196559,3.8445893026845166e-11,0.7854049370196559,lightcyan,0.645029965557689
ENSSSCG00000036618,0.7851048541816716,3.9562575173676034e-11,0.7851048541816716,lightcyan,0.558435972492747
FGFR1,0.7848326869569694,4.0601806962027877e-11,0.7848326869569694,green,0.57641180701243
MFAP2,0.7847089560411709,4.108273324861758e-11,0.7847089560411709,green,0.677514093685077
ENSSSCG00000033909,0.7838452976585029,4.459259456914974e-11,0.7838452976585029,lightcyan,0.562071430053874
LCP1,0.7830471471060394,4.808638813706057e-11,0.7830471471060394,lightcyan,0.576436227975447
SERHL2,0.7830228250698077,4.819680858189114e-11,0.7830228250698077,green,0.775656200371177
MGP,0.7825331384487644,5.047155877501399e-11,0.7825331384487644,lightgreen,0.663924597080396
ENSSSCG00000013849,0.7822930732478162,5.162341958085268e-11,0.7822930732478162,lightgreen,0.586972565092582
ENSSSCG00000039071,0.7815218719563362,5.549400329912444e-11,0.7815218719563362,green,0.581429647274131
COL5A2,0.7809137873934622,5.873746593302645e-11,0.7809137873934622,green,0.501592319387083
IGFBP4,0.7796357680489844,6.614686862671773e-11,0.7796357680489844,green,0.628700827270912
TP53I11,0.7789401551503244,7.054207219546258e-11,0.7789401551503244,green,0.693691261237929
TUBA1A,0.778928443926486,7.061837652540755e-11,0.778928443926486,green,0.594995521127771
PTPN6,0.7787621602326248,7.171023867362479e-11,0.7787621602326248,lightcyan,0.574755434109893
CASP7,0.7780728687205244,7.640857684636075e-11,0.7780728687205244,greenyellow,0.642998421386681
MARCKS,0.7776411614160001,7.949758879476165e-11,0.7776411614160001,lightgreen,0.54824930686069
